ODSCode,Supplier
A81001,TPP
A81002,TPP
A81004,TPP
A81005,TPP
A81006,TPP
A81007,EMIS
A81009,TPP
A81011,TPP
A81012,TPP
A81013,TPP
A81014,TPP
A81016,TPP
A81017,TPP
A81018,TPP
A81019,TPP
A81020,TPP
A81021,EMIS
A81022,TPP
A81023,TPP
A81025,TPP
A81026,TPP
A81027,TPP
A81029,TPP
A81030,TPP
A81031,TPP
A81032,TPP
A81034,TPP
A81035,EMIS
A81036,TPP
A81037,TPP
A81038,TPP
A81039,EMIS
A81040,EMIS
A81041,TPP
A81042,TPP
A81043,EMIS
A81044,TPP
A81045,TPP
A81046,TPP
A81048,TPP
A81049,TPP
A81051,TPP
A81052,TPP
A81053,EMIS
A81054,TPP
A81056,TPP
A81057,TPP
A81058,EMIS
A81060,TPP
A81064,TPP
A81065,TPP
A81066,EMIS
A81067,TPP
A81070,TPP
A81608,TPP
A81611,EMIS
A81612,TPP
A81618,EMIS
A81621,TPP
A81622,TPP
A81629,TPP
A81630,TPP
A81631,TPP
A81632,TPP
A81633,TPP
A81634,TPP
A82003,EMIS
A82004,EMIS
A82005,EMIS
A82006,EMIS
A82007,EMIS
A82008,EMIS
A82009,EMIS
A82010,EMIS
A82011,EMIS
A82012,EMIS
A82013,EMIS
A82014,EMIS
A82015,EMIS
A82016,EMIS
A82018,EMIS
A82019,EMIS
A82020,EMIS
A82021,EMIS
A82022,EMIS
A82023,EMIS
A82024,EMIS
A82025,EMIS
A82026,EMIS
A82027,EMIS
A82028,EMIS
A82029,EMIS
A82030,EMIS
A82031,EMIS
A82032,EMIS
A82033,EMIS
A82034,EMIS
A82035,EMIS
A82036,EMIS
A82037,EMIS
A82038,EMIS
A82039,EMIS
A82041,EMIS
A82044,EMIS
A82045,EMIS
A82046,EMIS
A82047,EMIS
A82048,EMIS
A82049,EMIS
A82050,EMIS
A82053,EMIS
A82055,EMIS
A82058,EMIS
A82062,EMIS
A82064,EMIS
A82065,EMIS
A82068,EMIS
A82070,EMIS
A82071,EMIS
A82072,EMIS
A82075,EMIS
A82077,EMIS
A82608,EMIS
A82613,EMIS
A82617,EMIS
A82620,EMIS
A82621,EMIS
A82623,EMIS
A82629,EMIS
A82631,EMIS
A82646,EMIS
A82647,EMIS
A82650,EMIS
A82651,EMIS
A82654,EMIS
A83001,TPP
A83003,EMIS
A83004,TPP
A83005,TPP
A83006,TPP
A83007,TPP
A83008,TPP
A83009,EMIS
A83010,TPP
A83011,EMIS
A83012,TPP
A83013,TPP
A83015,TPP
A83016,TPP
A83017,TPP
A83018,TPP
A83020,TPP
A83021,TPP
A83022,TPP
A83023,TPP
A83024,EMIS
A83025,TPP
A83026,EMIS
A83027,TPP
A83028,EMIS
A83029,EMIS
A83030,TPP
A83031,TPP
A83032,TPP
A83033,TPP
A83034,TPP
A83035,TPP
A83036,EMIS
A83037,TPP
A83038,TPP
A83040,TPP
A83043,TPP
A83044,TPP
A83045,TPP
A83046,TPP
A83047,TPP
A83048,TPP
A83051,TPP
A83052,EMIS
A83054,TPP
A83055,EMIS
A83057,TPP
A83060,TPP
A83061,TPP
A83066,TPP
A83070,TPP
A83071,TPP
A83072,TPP
A83073,TPP
A83074,TPP
A83603,TPP
A83610,TPP
A83616,TPP
A83617,TPP
A83618,TPP
A83619,TPP
A83622,TPP
A83626,TPP
A83627,TPP
A83630,TPP
A83634,TPP
A83635,TPP
A83636,TPP
A83637,TPP
A83641,TPP
A83644,EMIS
A84002,TPP
A84003,TPP
A84005,TPP
A84006,TPP
A84007,TPP
A84008,TPP
A84009,EMIS
A84011,EMIS
A84013,TPP
A84014,TPP
A84015,TPP
A84016,TPP
A84018,EMIS
A84020,TPP
A84022,TPP
A84024,EMIS
A84025,TPP
A84026,TPP
A84027,TPP
A84028,TPP
A84029,TPP
A84030,TPP
A84031,TPP
A84032,TPP
A84033,EMIS
A84034,EMIS
A84035,TPP
A84036,TPP
A84038,TPP
A84039,TPP
A84040,EMIS
A84042,EMIS
A84043,TPP
A84044,TPP
A84045,TPP
A84047,TPP
A84604,TPP
A84609,TPP
A84614,EMIS
A84619,TPP
A85001,EMIS
A85002,EMIS
A85003,EMIS
A85004,EMIS
A85005,EMIS
A85006,EMIS
A85007,EMIS
A85008,EMIS
A85009,EMIS
A85010,EMIS
A85011,EMIS
A85012,EMIS
A85013,EMIS
A85014,EMIS
A85015,EMIS
A85016,EMIS
A85017,EMIS
A85018,EMIS
A85019,EMIS
A85020,EMIS
A85021,EMIS
A85023,EMIS
A85024,EMIS
A85026,EMIS
A85609,EMIS
A85611,EMIS
A85614,EMIS
A85616,EMIS
A85617,EMIS
A85620,EMIS
A86003,EMIS
A86004,TPP
A86005,EMIS
A86006,TPP
A86007,EMIS
A86008,EMIS
A86010,TPP
A86011,TPP
A86012,TPP
A86013,EMIS
A86016,EMIS
A86017,EMIS
A86018,TPP
A86020,TPP
A86021,EMIS
A86022,EMIS
A86023,TPP
A86024,EMIS
A86025,EMIS
A86026,TPP
A86027,EMIS
A86028,EMIS
A86029,EMIS
A86030,TPP
A86031,EMIS
A86033,EMIS
A86035,TPP
A86036,TPP
A86037,TPP
A86038,TPP
A86040,EMIS
A86041,EMIS
A86601,EMIS
A87002,TPP
A87003,EMIS
A87004,EMIS
A87005,TPP
A87006,TPP
A87007,TPP
A87008,EMIS
A87009,TPP
A87011,TPP
A87012,TPP
A87013,EMIS
A87015,EMIS
A87016,EMIS
A87017,TPP
A87019,EMIS
A87020,TPP
A87022,TPP
A87023,TPP
A87029,EMIS
A87030,EMIS
A87600,TPP
A87612,TPP
A87615,EMIS
A88001,EMIS
A88002,EMIS
A88003,EMIS
A88004,EMIS
A88005,EMIS
A88006,EMIS
A88007,EMIS
A88008,EMIS
A88009,EMIS
A88010,EMIS
A88012,EMIS
A88013,EMIS
A88014,EMIS
A88015,EMIS
A88016,EMIS
A88022,EMIS
A88023,EMIS
A88025,EMIS
A88601,EMIS
A88603,EMIS
A88608,EMIS
A88613,EMIS
A89001,EMIS
A89002,EMIS
A89004,EMIS
A89005,EMIS
A89006,EMIS
A89007,EMIS
A89008,EMIS
A89009,EMIS
A89010,EMIS
A89011,EMIS
A89012,EMIS
A89013,EMIS
A89015,EMIS
A89016,EMIS
A89017,EMIS
A89018,EMIS
A89019,EMIS
A89020,EMIS
A89021,EMIS
A89022,EMIS
A89023,EMIS
A89024,EMIS
A89025,EMIS
A89026,EMIS
A89027,EMIS
A89028,EMIS
A89030,EMIS
A89031,EMIS
A89032,EMIS
A89034,EMIS
A89035,EMIS
A89036,EMIS
A89040,EMIS
A89041,EMIS
A89603,EMIS
A89604,EMIS
A89614,EMIS
A89616,EMIS
A89617,EMIS
A89623,EMIS
B81002,TPP
B81003,TPP
B81004,EMIS
B81005,TPP
B81006,EMIS
B81007,TPP
B81008,TPP
B81009,TPP
B81010,TPP
B81011,TPP
B81012,TPP
B81013,TPP
B81014,TPP
B81015,TPP
B81016,EMIS
B81017,TPP
B81018,TPP
B81020,TPP
B81022,TPP
B81023,TPP
B81024,EMIS
B81026,TPP
B81029,EMIS
B81030,TPP
B81031,EMIS
B81032,TPP
B81034,EMIS
B81035,TPP
B81036,EMIS
B81037,EMIS
B81038,EMIS
B81039,TPP
B81040,TPP
B81041,TPP
B81042,TPP
B81043,EMIS
B81045,TPP
B81046,TPP
B81047,TPP
B81048,TPP
B81050,EMIS
B81051,EMIS
B81052,TPP
B81054,TPP
B81055,TPP
B81058,TPP
B81060,TPP
B81061,TPP
B81062,EMIS
B81063,EMIS
B81064,TPP
B81065,TPP
B81066,TPP
B81068,TPP
B81069,TPP
B81070,TPP
B81074,TPP
B81075,EMIS
B81077,EMIS
B81080,TPP
B81082,EMIS
B81085,TPP
B81087,TPP
B81088,TPP
B81090,TPP
B81091,EMIS
B81092,EMIS
B81095,TPP
B81097,TPP
B81099,TPP
B81100,TPP
B81101,TPP
B81104,TPP
B81108,TPP
B81109,EMIS
B81112,EMIS
B81113,TPP
B81118,EMIS
B81119,EMIS
B81602,TPP
B81603,TPP
B81606,TPP
B81616,TPP
B81617,TPP
B81619,EMIS
B81620,TPP
B81628,EMIS
B81631,EMIS
B81635,TPP
B81642,TPP
B81645,TPP
B81647,TPP
B81648,TPP
B81653,TPP
B81655,TPP
B81656,TPP
B81658,TPP
B81663,TPP
B81664,EMIS
B81665,TPP
B81666,EMIS
B81675,TPP
B81677,TPP
B81688,TPP
B81697,TPP
B82002,EMIS
B82004,TPP
B82005,TPP
B82007,TPP
B82008,EMIS
B82010,EMIS
B82011,TPP
B82012,TPP
B82013,TPP
B82014,TPP
B82016,TPP
B82017,EMIS
B82018,TPP
B82019,EMIS
B82020,TPP
B82021,EMIS
B82022,TPP
B82023,TPP
B82024,EMIS
B82025,TPP
B82026,TPP
B82027,TPP
B82028,TPP
B82029,TPP
B82030,EMIS
B82031,EMIS
B82032,TPP
B82033,EMIS
B82034,TPP
B82036,EMIS
B82037,TPP
B82038,TPP
B82041,EMIS
B82042,EMIS
B82044,TPP
B82045,TPP
B82046,EMIS
B82047,EMIS
B82049,EMIS
B82053,TPP
B82054,TPP
B82057,TPP
B82059,TPP
B82060,TPP
B82061,EMIS
B82062,EMIS
B82063,TPP
B82064,EMIS
B82067,TPP
B82068,TPP
B82069,TPP
B82071,TPP
B82072,EMIS
B82073,TPP
B82074,TPP
B82075,TPP
B82077,TPP
B82078,TPP
B82079,EMIS
B82080,EMIS
B82081,EMIS
B82082,EMIS
B82083,TPP
B82086,EMIS
B82088,TPP
B82091,TPP
B82097,TPP
B82098,EMIS
B82100,TPP
B82101,EMIS
B82103,EMIS
B82104,TPP
B82105,TPP
B82106,TPP
B82609,TPP
B82619,TPP
B82622,TPP
B82628,TPP
B83002,TPP
B83005,TPP
B83006,TPP
B83007,TPP
B83008,TPP
B83009,TPP
B83010,TPP
B83011,TPP
B83012,TPP
B83014,TPP
B83015,TPP
B83016,TPP
B83017,TPP
B83018,TPP
B83019,TPP
B83020,TPP
B83021,TPP
B83022,TPP
B83023,TPP
B83025,TPP
B83026,TPP
B83027,TPP
B83028,TPP
B83029,TPP
B83030,TPP
B83031,TPP
B83032,TPP
B83033,TPP
B83034,TPP
B83035,TPP
B83037,TPP
B83038,TPP
B83039,TPP
B83040,TPP
B83041,TPP
B83042,TPP
B83045,TPP
B83049,TPP
B83051,TPP
B83052,TPP
B83054,TPP
B83055,TPP
B83056,TPP
B83058,TPP
B83061,TPP
B83062,TPP
B83063,TPP
B83064,TPP
B83067,TPP
B83602,TPP
B83604,TPP
B83611,TPP
B83614,TPP
B83617,TPP
B83620,TPP
B83621,TPP
B83622,TPP
B83624,TPP
B83626,TPP
B83627,TPP
B83628,TPP
B83629,TPP
B83638,TPP
B83641,TPP
B83642,TPP
B83653,TPP
B83657,TPP
B83659,TPP
B83660,TPP
B83661,TPP
B84002,TPP
B84003,EMIS
B84004,TPP
B84005,TPP
B84006,EMIS
B84007,TPP
B84008,TPP
B84009,TPP
B84010,TPP
B84011,EMIS
B84012,TPP
B84013,EMIS
B84014,TPP
B84016,TPP
B84019,TPP
B84021,TPP
B84610,TPP
B84612,TPP
B84613,TPP
B84615,TPP
B84618,TPP
B84623,TPP
B85001,TPP
B85002,TPP
B85004,TPP
B85005,EMIS
B85006,TPP
B85008,TPP
B85009,TPP
B85010,EMIS
B85012,TPP
B85014,TPP
B85015,TPP
B85016,TPP
B85018,TPP
B85019,TPP
B85020,TPP
B85021,TPP
B85022,EMIS
B85023,EMIS
B85024,TPP
B85025,TPP
B85026,TPP
B85027,EMIS
B85028,TPP
B85030,TPP
B85031,TPP
B85032,TPP
B85033,TPP
B85036,TPP
B85038,EMIS
B85041,TPP
B85042,TPP
B85044,TPP
B85048,TPP
B85051,TPP
B85054,TPP
B85055,TPP
B85058,TPP
B85059,TPP
B85061,TPP
B85062,EMIS
B85606,TPP
B85610,EMIS
B85611,EMIS
B85612,TPP
B85614,TPP
B85619,TPP
B85620,TPP
B85622,TPP
B85623,TPP
B85634,TPP
B85636,TPP
B85638,TPP
B85640,TPP
B85641,TPP
B85645,TPP
B85646,TPP
B85650,TPP
B85652,TPP
B85655,TPP
B85659,TPP
B85660,EMIS
B86001,TPP
B86002,TPP
B86003,EMIS
B86004,TPP
B86005,TPP
B86006,TPP
B86007,TPP
B86008,EMIS
B86009,TPP
B86010,TPP
B86011,TPP
B86012,TPP
B86013,TPP
B86014,TPP
B86015,TPP
B86016,TPP
B86017,TPP
B86018,EMIS
B86019,TPP
B86020,TPP
B86022,TPP
B86023,TPP
B86024,EMIS
B86025,TPP
B86028,TPP
B86029,TPP
B86030,EMIS
B86031,TPP
B86032,TPP
B86033,TPP
B86034,TPP
B86036,TPP
B86038,TPP
B86041,TPP
B86042,TPP
B86043,TPP
B86044,EMIS
B86047,TPP
B86048,TPP
B86049,EMIS
B86050,TPP
B86051,TPP
B86052,TPP
B86054,TPP
B86055,EMIS
B86056,TPP
B86057,TPP
B86058,TPP
B86059,EMIS
B86060,TPP
B86061,TPP
B86062,TPP
B86064,EMIS
B86065,EMIS
B86066,TPP
B86068,EMIS
B86069,EMIS
B86070,TPP
B86071,TPP
B86074,TPP
B86075,TPP
B86077,TPP
B86081,EMIS
B86086,EMIS
B86089,TPP
B86092,TPP
B86093,TPP
B86094,TPP
B86095,TPP
B86096,TPP
B86100,TPP
B86101,TPP
B86103,TPP
B86104,TPP
B86106,TPP
B86108,TPP
B86109,TPP
B86110,EMIS
B86623,TPP
B86625,TPP
B86633,TPP
B86642,TPP
B86643,TPP
B86648,TPP
B86654,TPP
B86655,TPP
B86666,TPP
B86667,TPP
B86669,TPP
B86672,TPP
B86673,TPP
B86675,TPP
B86678,TPP
B87001,TPP
B87002,TPP
B87003,TPP
B87004,TPP
B87005,TPP
B87006,TPP
B87007,TPP
B87008,TPP
B87009,TPP
B87011,TPP
B87012,TPP
B87013,TPP
B87015,TPP
B87016,EMIS
B87017,TPP
B87018,TPP
B87019,TPP
B87020,TPP
B87021,TPP
B87022,TPP
B87025,TPP
B87026,TPP
B87027,TPP
B87028,TPP
B87030,TPP
B87031,TPP
B87032,EMIS
B87033,EMIS
B87036,TPP
B87039,TPP
B87040,TPP
B87041,TPP
B87042,TPP
B87044,EMIS
B87600,TPP
B87602,TPP
B87604,TPP
C81001,TPP
C81002,TPP
C81003,EMIS
C81004,EMIS
C81005,TPP
C81006,TPP
C81007,TPP
C81008,TPP
C81009,TPP
C81010,TPP
C81012,TPP
C81013,TPP
C81014,TPP
C81015,TPP
C81016,EMIS
C81017,TPP
C81020,TPP
C81021,TPP
C81022,TPP
C81023,TPP
C81025,EMIS
C81026,TPP
C81027,EMIS
C81028,EMIS
C81029,EMIS
C81030,TPP
C81031,TPP
C81032,TPP
C81033,TPP
C81034,EMIS
C81035,TPP
C81036,EMIS
C81037,TPP
C81038,EMIS
C81039,EMIS
C81040,TPP
C81041,TPP
C81042,TPP
C81044,TPP
C81045,TPP
C81046,TPP
C81047,TPP
C81048,TPP
C81049,EMIS
C81050,TPP
C81051,TPP
C81052,TPP
C81053,TPP
C81054,TPP
C81055,EMIS
C81056,TPP
C81057,TPP
C81058,TPP
C81059,TPP
C81060,TPP
C81061,TPP
C81062,TPP
C81063,EMIS
C81064,TPP
C81065,EMIS
C81066,TPP
C81067,TPP
C81068,TPP
C81069,EMIS
C81070,TPP
C81071,TPP
C81072,TPP
C81073,TPP
C81074,EMIS
C81075,EMIS
C81076,TPP
C81077,EMIS
C81080,EMIS
C81081,EMIS
C81082,EMIS
C81083,TPP
C81084,TPP
C81086,EMIS
C81087,TPP
C81089,TPP
C81090,TPP
C81091,TPP
C81092,EMIS
C81094,TPP
C81095,TPP
C81096,TPP
C81097,TPP
C81099,TPP
C81101,TPP
C81104,TPP
C81106,EMIS
C81108,TPP
C81110,TPP
C81113,EMIS
C81114,TPP
C81115,TPP
C81118,EMIS
C81604,TPP
C81611,EMIS
C81615,EMIS
C81616,TPP
C81634,EMIS
C81638,TPP
C81640,EMIS
C81642,TPP
C81647,TPP
C81648,TPP
C81649,TPP
C81653,TPP
C81655,TPP
C81658,TPP
C81660,EMIS
C81661,TPP
C81662,TPP
C82001,TPP
C82002,TPP
C82003,TPP
C82005,TPP
C82007,TPP
C82008,TPP
C82009,EMIS
C82010,TPP
C82011,EMIS
C82014,TPP
C82016,EMIS
C82017,TPP
C82018,TPP
C82019,TPP
C82020,TPP
C82021,TPP
C82022,EMIS
C82024,TPP
C82025,TPP
C82026,TPP
C82027,TPP
C82028,TPP
C82029,TPP
C82030,TPP
C82031,TPP
C82032,TPP
C82033,TPP
C82034,EMIS
C82035,TPP
C82037,TPP
C82039,TPP
C82040,TPP
C82041,TPP
C82042,EMIS
C82043,EMIS
C82044,EMIS
C82045,TPP
C82046,TPP
C82047,TPP
C82048,EMIS
C82050,TPP
C82051,TPP
C82052,TPP
C82053,TPP
C82054,TPP
C82055,TPP
C82056,TPP
C82059,TPP
C82060,TPP
C82061,TPP
C82062,TPP
C82063,TPP
C82064,TPP
C82066,TPP
C82067,TPP
C82068,TPP
C82072,TPP
C82073,TPP
C82075,TPP
C82076,TPP
C82077,TPP
C82078,TPP
C82079,TPP
C82080,TPP
C82082,TPP
C82084,TPP
C82086,TPP
C82088,TPP
C82091,TPP
C82092,TPP
C82093,TPP
C82094,TPP
C82096,TPP
C82097,TPP
C82098,TPP
C82099,TPP
C82100,TPP
C82102,EMIS
C82103,TPP
C82105,TPP
C82107,TPP
C82109,EMIS
C82111,TPP
C82112,EMIS
C82114,TPP
C82116,TPP
C82119,TPP
C82120,TPP
C82121,TPP
C82122,TPP
C82124,TPP
C82600,EMIS
C82610,TPP
C82611,TPP
C82614,TPP
C82620,TPP
C82623,TPP
C82624,TPP
C82626,TPP
C82627,EMIS
C82628,TPP
C82631,TPP
C82634,TPP
C82639,TPP
C82641,EMIS
C82642,TPP
C82643,TPP
C82649,TPP
C82650,EMIS
C82651,TPP
C82653,TPP
C82656,TPP
C82657,TPP
C82659,TPP
C82660,TPP
C82662,TPP
C82663,TPP
C82667,TPP
C82669,TPP
C82670,TPP
C82671,TPP
C82676,EMIS
C82678,TPP
C82680,TPP
C83001,TPP
C83002,TPP
C83003,EMIS
C83004,TPP
C83005,TPP
C83007,TPP
C83008,TPP
C83009,TPP
C83010,TPP
C83011,TPP
C83013,TPP
C83014,TPP
C83015,TPP
C83018,TPP
C83019,TPP
C83020,TPP
C83022,TPP
C83023,TPP
C83024,TPP
C83025,TPP
C83026,EMIS
C83027,TPP
C83028,TPP
C83029,TPP
C83030,TPP
C83031,TPP
C83032,TPP
C83033,TPP
C83036,EMIS
C83037,TPP
C83038,EMIS
C83039,EMIS
C83040,TPP
C83041,TPP
C83042,TPP
C83043,TPP
C83044,EMIS
C83045,TPP
C83046,TPP
C83049,TPP
C83051,TPP
C83052,TPP
C83053,EMIS
C83054,EMIS
C83055,TPP
C83056,TPP
C83057,TPP
C83058,TPP
C83059,TPP
C83060,TPP
C83061,TPP
C83062,TPP
C83063,EMIS
C83064,TPP
C83065,TPP
C83067,TPP
C83071,TPP
C83072,TPP
C83073,TPP
C83074,TPP
C83075,TPP
C83078,TPP
C83079,TPP
C83080,TPP
C83082,TPP
C83083,TPP
C83085,TPP
C83611,TPP
C83613,TPP
C83614,EMIS
C83617,EMIS
C83626,TPP
C83634,TPP
C83635,TPP
C83637,TPP
C83641,TPP
C83643,TPP
C83649,EMIS
C83650,TPP
C83653,EMIS
C84001,TPP
C84004,TPP
C84005,TPP
C84008,EMIS
C84009,TPP
C84010,TPP
C84011,EMIS
C84012,TPP
C84013,TPP
C84014,TPP
C84016,TPP
C84017,TPP
C84018,TPP
C84019,TPP
C84020,TPP
C84021,TPP
C84023,EMIS
C84024,TPP
C84025,TPP
C84026,TPP
C84028,TPP
C84029,TPP
C84030,TPP
C84031,TPP
C84032,TPP
C84033,TPP
C84034,TPP
C84035,TPP
C84036,TPP
C84037,TPP
C84039,TPP
C84042,TPP
C84043,EMIS
C84044,EMIS
C84045,TPP
C84046,TPP
C84048,TPP
C84049,TPP
C84051,TPP
C84053,TPP
C84055,TPP
C84057,TPP
C84059,TPP
C84060,TPP
C84061,TPP
C84063,TPP
C84064,TPP
C84065,TPP
C84066,TPP
C84067,TPP
C84069,TPP
C84072,TPP
C84074,TPP
C84076,TPP
C84077,TPP
C84078,TPP
C84080,EMIS
C84081,TPP
C84084,TPP
C84085,EMIS
C84086,TPP
C84087,TPP
C84090,EMIS
C84091,TPP
C84094,TPP
C84095,TPP
C84096,TPP
C84101,TPP
C84103,TPP
C84104,TPP
C84105,EMIS
C84106,TPP
C84107,EMIS
C84112,TPP
C84113,TPP
C84114,TPP
C84115,TPP
C84116,EMIS
C84117,EMIS
C84122,TPP
C84123,TPP
C84124,TPP
C84127,TPP
C84129,TPP
C84131,TPP
C84133,TPP
C84135,TPP
C84136,EMIS
C84138,TPP
C84140,TPP
C84142,TPP
C84150,TPP
C84151,TPP
C84602,EMIS
C84605,TPP
C84613,TPP
C84619,TPP
C84621,TPP
C84624,TPP
C84628,EMIS
C84629,TPP
C84635,EMIS
C84637,TPP
C84646,TPP
C84647,TPP
C84650,TPP
C84654,TPP
C84656,TPP
C84658,TPP
C84660,TPP
C84664,TPP
C84667,TPP
C84674,EMIS
C84676,TPP
C84679,TPP
C84680,TPP
C84682,TPP
C84683,TPP
C84691,TPP
C84692,EMIS
C84693,EMIS
C84694,TPP
C84695,TPP
C84696,TPP
C84698,TPP
C84703,TPP
C84704,TPP
C84705,TPP
C84709,TPP
C84710,TPP
C84714,EMIS
C84717,TPP
C85001,TPP
C85003,TPP
C85004,EMIS
C85005,TPP
C85006,EMIS
C85007,EMIS
C85008,EMIS
C85009,TPP
C85010,TPP
C85013,TPP
C85014,EMIS
C85016,EMIS
C85017,TPP
C85018,EMIS
C85019,EMIS
C85020,EMIS
C85022,EMIS
C85023,TPP
C85026,EMIS
C85028,EMIS
C85030,EMIS
C85033,EMIS
C85614,EMIS
C85619,TPP
C85622,EMIS
C85623,EMIS
C85628,TPP
C86001,TPP
C86002,EMIS
C86003,TPP
C86005,EMIS
C86006,EMIS
C86007,TPP
C86009,TPP
C86011,TPP
C86012,TPP
C86013,TPP
C86015,EMIS
C86016,TPP
C86017,TPP
C86018,EMIS
C86019,EMIS
C86020,EMIS
C86021,TPP
C86022,EMIS
C86023,EMIS
C86024,EMIS
C86025,TPP
C86026,EMIS
C86029,TPP
C86032,EMIS
C86033,EMIS
C86034,EMIS
C86037,TPP
C86038,EMIS
C86605,TPP
C86606,EMIS
C86609,TPP
C86611,TPP
C86613,TPP
C86614,TPP
C86616,TPP
C86621,TPP
C86623,TPP
C86625,TPP
C86626,EMIS
C87002,TPP
C87004,EMIS
C87005,TPP
C87006,TPP
C87007,TPP
C87008,TPP
C87009,EMIS
C87010,TPP
C87012,TPP
C87013,TPP
C87014,TPP
C87015,EMIS
C87016,EMIS
C87017,EMIS
C87018,EMIS
C87020,TPP
C87022,TPP
C87024,TPP
C87029,TPP
C87030,TPP
C87031,TPP
C87603,TPP
C87604,TPP
C87606,TPP
C87608,TPP
C87611,EMIS
C87616,TPP
C87620,TPP
C87621,TPP
C87622,TPP
C88005,TPP
C88006,TPP
C88007,TPP
C88008,EMIS
C88009,TPP
C88010,TPP
C88011,TPP
C88014,EMIS
C88015,TPP
C88016,TPP
C88018,TPP
C88019,EMIS
C88020,TPP
C88021,TPP
C88022,TPP
C88023,TPP
C88024,TPP
C88025,TPP
C88026,TPP
C88027,TPP
C88028,EMIS
C88030,EMIS
C88031,TPP
C88032,EMIS
C88033,EMIS
C88034,TPP
C88035,EMIS
C88036,TPP
C88037,EMIS
C88038,TPP
C88039,TPP
C88040,TPP
C88041,TPP
C88043,TPP
C88044,TPP
C88045,TPP
C88046,TPP
C88047,TPP
C88048,TPP
C88049,TPP
C88050,TPP
C88051,TPP
C88052,TPP
C88053,TPP
C88054,EMIS
C88059,TPP
C88060,TPP
C88062,TPP
C88068,TPP
C88069,TPP
C88070,EMIS
C88072,TPP
C88073,TPP
C88074,TPP
C88076,EMIS
C88077,TPP
C88078,TPP
C88079,TPP
C88082,EMIS
C88083,TPP
C88084,TPP
C88085,TPP
C88086,TPP
C88087,TPP
C88088,EMIS
C88090,TPP
C88091,EMIS
C88092,TPP
C88095,TPP
C88096,TPP
C88622,TPP
C88627,EMIS
C88631,EMIS
C88643,EMIS
C88647,TPP
C88648,TPP
C88652,TPP
C88655,EMIS
C88656,TPP
D81001,TPP
D81002,TPP
D81003,TPP
D81004,EMIS
D81005,TPP
D81008,TPP
D81010,TPP
D81011,TPP
D81012,TPP
D81013,TPP
D81014,TPP
D81015,TPP
D81016,TPP
D81017,TPP
D81018,TPP
D81021,TPP
D81022,TPP
D81023,TPP
D81024,TPP
D81025,EMIS
D81026,TPP
D81027,EMIS
D81028,EMIS
D81029,TPP
D81030,EMIS
D81031,TPP
D81033,TPP
D81034,TPP
D81035,EMIS
D81036,TPP
D81037,TPP
D81038,TPP
D81040,TPP
D81041,TPP
D81042,TPP
D81043,TPP
D81044,TPP
D81045,EMIS
D81046,TPP
D81047,TPP
D81049,TPP
D81050,TPP
D81051,TPP
D81052,TPP
D81053,TPP
D81054,EMIS
D81055,TPP
D81056,EMIS
D81057,TPP
D81058,EMIS
D81059,TPP
D81060,EMIS
D81061,TPP
D81062,TPP
D81064,TPP
D81065,TPP
D81066,TPP
D81070,TPP
D81073,TPP
D81078,TPP
D81082,TPP
D81084,TPP
D81085,EMIS
D81086,TPP
D81602,TPP
D81603,TPP
D81606,TPP
D81607,TPP
D81611,TPP
D81612,EMIS
D81615,TPP
D81618,TPP
D81622,TPP
D81623,TPP
D81624,TPP
D81625,TPP
D81629,TPP
D81630,TPP
D81631,TPP
D81633,TPP
D81637,TPP
D81645,TPP
D82001,EMIS
D82002,TPP
D82003,TPP
D82004,TPP
D82005,TPP
D82006,EMIS
D82007,TPP
D82008,TPP
D82009,TPP
D82010,TPP
D82011,TPP
D82012,TPP
D82013,TPP
D82015,TPP
D82016,TPP
D82017,TPP
D82018,TPP
D82019,TPP
D82020,TPP
D82022,TPP
D82023,TPP
D82024,TPP
D82025,TPP
D82026,TPP
D82027,TPP
D82028,EMIS
D82029,EMIS
D82030,TPP
D82031,EMIS
D82032,TPP
D82034,EMIS
D82035,TPP
D82036,TPP
D82037,EMIS
D82038,TPP
D82039,TPP
D82040,TPP
D82041,TPP
D82042,EMIS
D82043,TPP
D82044,TPP
D82045,TPP
D82046,TPP
D82047,TPP
D82048,TPP
D82049,EMIS
D82050,TPP
D82051,TPP
D82053,TPP
D82054,TPP
D82056,TPP
D82057,EMIS
D82058,TPP
D82059,TPP
D82060,TPP
D82062,EMIS
D82063,TPP
D82064,TPP
D82065,EMIS
D82066,TPP
D82067,TPP
D82068,EMIS
D82069,TPP
D82070,EMIS
D82071,TPP
D82072,EMIS
D82073,TPP
D82076,TPP
D82078,TPP
D82079,TPP
D82080,TPP
D82084,TPP
D82085,TPP
D82087,TPP
D82088,EMIS
D82096,TPP
D82099,TPP
D82100,TPP
D82103,EMIS
D82104,EMIS
D82105,TPP
D82106,TPP
D82600,EMIS
D82604,TPP
D82615,EMIS
D82618,TPP
D82621,EMIS
D82624,TPP
D82628,TPP
D83001,TPP
D83003,EMIS
D83004,TPP
D83005,EMIS
D83006,TPP
D83007,TPP
D83008,TPP
D83010,EMIS
D83011,TPP
D83012,TPP
D83013,TPP
D83014,EMIS
D83015,TPP
D83017,EMIS
D83018,EMIS
D83020,TPP
D83021,TPP
D83022,TPP
D83023,TPP
D83024,TPP
D83026,TPP
D83027,TPP
D83028,TPP
D83029,TPP
D83030,TPP
D83033,EMIS
D83034,TPP
D83036,TPP
D83037,TPP
D83038,TPP
D83039,TPP
D83041,TPP
D83043,TPP
D83044,TPP
D83045,TPP
D83046,TPP
D83048,TPP
D83049,TPP
D83050,TPP
D83051,TPP
D83053,EMIS
D83054,TPP
D83055,EMIS
D83056,TPP
D83057,TPP
D83058,TPP
D83059,TPP
D83060,EMIS
D83061,TPP
D83062,TPP
D83064,TPP
D83067,TPP
D83069,EMIS
D83070,EMIS
D83073,TPP
D83074,TPP
D83075,TPP
D83076,EMIS
D83078,TPP
D83079,TPP
D83080,TPP
D83081,TPP
D83082,TPP
D83084,TPP
D83610,TPP
D83615,TPP
E81001,TPP
E81002,TPP
E81003,TPP
E81004,TPP
E81005,TPP
E81006,TPP
E81007,TPP
E81008,TPP
E81009,TPP
E81010,EMIS
E81012,TPP
E81013,TPP
E81014,TPP
E81015,TPP
E81016,TPP
E81018,TPP
E81019,TPP
E81021,TPP
E81022,TPP
E81023,TPP
E81024,TPP
E81025,TPP
E81026,EMIS
E81027,TPP
E81028,TPP
E81029,TPP
E81030,TPP
E81031,TPP
E81032,TPP
E81033,TPP
E81034,TPP
E81035,TPP
E81036,TPP
E81037,TPP
E81038,TPP
E81040,TPP
E81041,TPP
E81043,TPP
E81044,TPP
E81045,TPP
E81046,TPP
E81047,TPP
E81048,TPP
E81049,TPP
E81050,TPP
E81052,TPP
E81054,TPP
E81056,TPP
E81057,TPP
E81059,TPP
E81060,TPP
E81061,TPP
E81063,TPP
E81064,TPP
E81065,EMIS
E81069,TPP
E81073,TPP
E81074,TPP
E81076,TPP
E81077,TPP
E81611,TPP
E81612,TPP
E81615,TPP
E81631,TPP
E81632,TPP
E81633,TPP
E81635,TPP
E82001,EMIS
E82002,EMIS
E82004,EMIS
E82005,TPP
E82006,TPP
E82007,TPP
E82008,TPP
E82009,EMIS
E82012,EMIS
E82013,TPP
E82014,EMIS
E82015,EMIS
E82017,EMIS
E82018,TPP
E82019,TPP
E82020,EMIS
E82021,EMIS
E82022,EMIS
E82023,EMIS
E82024,TPP
E82027,EMIS
E82028,EMIS
E82031,EMIS
E82032,EMIS
E82034,TPP
E82035,TPP
E82037,EMIS
E82038,TPP
E82040,TPP
E82041,TPP
E82042,TPP
E82043,EMIS
E82044,TPP
E82045,EMIS
E82046,EMIS
E82048,TPP
E82049,EMIS
E82050,EMIS
E82051,EMIS
E82053,TPP
E82054,EMIS
E82055,EMIS
E82056,TPP
E82057,TPP
E82058,TPP
E82059,EMIS
E82060,EMIS
E82061,TPP
E82062,EMIS
E82063,TPP
E82064,EMIS
E82066,EMIS
E82067,TPP
E82068,EMIS
E82069,EMIS
E82070,EMIS
E82072,TPP
E82073,EMIS
E82075,TPP
E82077,EMIS
E82078,EMIS
E82079,TPP
E82081,EMIS
E82082,TPP
E82084,EMIS
E82085,EMIS
E82086,TPP
E82088,TPP
E82089,TPP
E82090,TPP
E82091,EMIS
E82092,TPP
E82093,TPP
E82094,EMIS
E82096,EMIS
E82098,EMIS
E82099,TPP
E82100,TPP
E82102,TPP
E82104,TPP
E82105,EMIS
E82106,EMIS
E82109,TPP
E82111,TPP
E82113,EMIS
E82115,TPP
E82121,TPP
E82123,TPP
E82124,EMIS
E82126,TPP
E82129,EMIS
E82130,TPP
E82131,EMIS
E82132,TPP
E82133,TPP
E82603,EMIS
E82620,TPP
E82626,TPP
E82638,TPP
E82640,EMIS
E82641,TPP
E82643,TPP
E82644,EMIS
E82652,EMIS
E82654,TPP
E82655,EMIS
E82657,EMIS
E83003,EMIS
E83005,EMIS
E83006,EMIS
E83007,EMIS
E83008,EMIS
E83009,EMIS
E83010,EMIS
E83011,EMIS
E83012,EMIS
E83013,EMIS
E83016,EMIS
E83017,EMIS
E83018,EMIS
E83020,EMIS
E83021,EMIS
E83024,EMIS
E83025,EMIS
E83026,EMIS
E83027,EMIS
E83028,EMIS
E83030,EMIS
E83031,EMIS
E83032,EMIS
E83034,EMIS
E83035,EMIS
E83036,EMIS
E83037,EMIS
E83038,EMIS
E83039,EMIS
E83041,EMIS
E83044,EMIS
E83045,EMIS
E83046,EMIS
E83049,EMIS
E83050,EMIS
E83053,EMIS
E83600,EMIS
E83613,EMIS
E83621,EMIS
E83622,EMIS
E83624,EMIS
E83633,EMIS
E83637,EMIS
E83638,EMIS
E83639,EMIS
E83649,EMIS
E83650,EMIS
E83653,EMIS
E83657,EMIS
E83659,EMIS
E83666,EMIS
E83668,EMIS
E84002,EMIS
E84003,EMIS
E84004,EMIS
E84005,EMIS
E84006,EMIS
E84007,EMIS
E84008,EMIS
E84009,EMIS
E84011,EMIS
E84012,EMIS
E84013,EMIS
E84014,EMIS
E84015,EMIS
E84017,EMIS
E84018,EMIS
E84020,EMIS
E84021,EMIS
E84022,EMIS
E84023,EMIS
E84024,EMIS
E84025,EMIS
E84026,EMIS
E84028,EMIS
E84030,EMIS
E84031,EMIS
E84032,EMIS
E84033,EMIS
E84036,EMIS
E84039,EMIS
E84040,EMIS
E84042,EMIS
E84044,EMIS
E84048,EMIS
E84049,EMIS
E84051,EMIS
E84053,EMIS
E84057,EMIS
E84058,EMIS
E84059,TPP
E84061,EMIS
E84062,EMIS
E84063,EMIS
E84066,EMIS
E84067,EMIS
E84068,EMIS
E84069,EMIS
E84070,EMIS
E84074,EMIS
E84075,EMIS
E84076,EMIS
E84077,EMIS
E84078,EMIS
E84080,EMIS
E84083,EMIS
E84086,EMIS
E84601,EMIS
E84617,EMIS
E84620,EMIS
E84624,EMIS
E84626,EMIS
E84635,EMIS
E84637,EMIS
E84638,EMIS
E84645,EMIS
E84646,EMIS
E84647,EMIS
E84653,EMIS
E84656,EMIS
E84657,EMIS
E84658,EMIS
E84663,EMIS
E84665,EMIS
E84667,EMIS
E84674,EMIS
E84676,EMIS
E84678,EMIS
E84680,EMIS
E84681,EMIS
E84684,EMIS
E84685,EMIS
E84693,EMIS
E84696,EMIS
E84699,EMIS
E84701,EMIS
E84702,EMIS
E84704,EMIS
E84709,EMIS
E84713,EMIS
E85001,TPP
E85003,TPP
E85004,TPP
E85005,TPP
E85006,TPP
E85007,TPP
E85008,TPP
E85012,TPP
E85013,TPP
E85014,TPP
E85015,TPP
E85016,TPP
E85018,TPP
E85019,TPP
E85020,TPP
E85023,TPP
E85024,TPP
E85025,TPP
E85026,TPP
E85028,TPP
E85029,TPP
E85030,TPP
E85032,TPP
E85033,TPP
E85034,TPP
E85035,TPP
E85038,TPP
E85040,TPP
E85041,TPP
E85042,TPP
E85045,TPP
E85046,TPP
E85048,TPP
E85049,TPP
E85050,TPP
E85051,TPP
E85052,TPP
E85053,TPP
E85054,TPP
E85055,TPP
E85056,TPP
E85057,TPP
E85058,TPP
E85059,TPP
E85060,TPP
E85061,TPP
E85062,TPP
E85064,TPP
E85066,TPP
E85069,TPP
E85071,TPP
E85074,TPP
E85075,TPP
E85077,TPP
E85083,TPP
E85088,TPP
E85090,TPP
E85091,TPP
E85096,TPP
E85098,TPP
E85099,TPP
E85103,TPP
E85105,TPP
E85107,TPP
E85108,TPP
E85109,TPP
E85111,TPP
E85112,TPP
E85113,TPP
E85114,TPP
E85115,TPP
E85116,TPP
E85118,TPP
E85119,TPP
E85120,TPP
E85121,TPP
E85122,TPP
E85123,TPP
E85124,TPP
E85125,TPP
E85126,TPP
E85127,TPP
E85128,TPP
E85129,TPP
E85130,TPP
E85600,TPP
E85605,TPP
E85617,TPP
E85623,TPP
E85624,TPP
E85625,TPP
E85628,TPP
E85630,TPP
E85633,TPP
E85635,TPP
E85636,TPP
E85640,TPP
E85643,TPP
E85649,TPP
E85656,TPP
E85657,TPP
E85658,TPP
E85659,TPP
E85663,TPP
E85672,TPP
E85677,TPP
E85680,TPP
E85681,TPP
E85682,EMIS
E85683,TPP
E85685,TPP
E85687,TPP
E85692,TPP
E85693,TPP
E85694,TPP
E85696,TPP
E85697,TPP
E85699,TPP
E85700,TPP
E85707,TPP
E85708,TPP
E85712,TPP
E85713,TPP
E85714,TPP
E85715,TPP
E85716,TPP
E85718,TPP
E85719,TPP
E85721,TPP
E85723,TPP
E85725,TPP
E85726,TPP
E85734,TPP
E85735,TPP
E85736,TPP
E85739,TPP
E85740,TPP
E85743,TPP
E85744,TPP
E85745,TPP
E85746,TPP
E85748,TPP
E85750,EMIS
E86001,EMIS
E86003,EMIS
E86004,EMIS
E86005,EMIS
E86006,EMIS
E86007,EMIS
E86009,EMIS
E86010,EMIS
E86011,EMIS
E86012,EMIS
E86014,EMIS
E86015,EMIS
E86016,EMIS
E86017,EMIS
E86018,EMIS
E86019,EMIS
E86020,EMIS
E86022,EMIS
E86024,EMIS
E86026,EMIS
E86027,EMIS
E86028,EMIS
E86029,EMIS
E86030,EMIS
E86033,EMIS
E86034,EMIS
E86036,EMIS
E86038,EMIS
E86041,EMIS
E86042,EMIS
E86605,EMIS
E86609,EMIS
E86610,EMIS
E86612,EMIS
E86615,EMIS
E86618,EMIS
E86619,EMIS
E86620,EMIS
E86622,EMIS
E86625,EMIS
E86626,EMIS
E86629,EMIS
E86632,EMIS
E86637,EMIS
E86640,EMIS
E87002,TPP
E87003,TPP
E87004,TPP
E87005,TPP
E87006,TPP
E87007,TPP
E87008,TPP
E87009,TPP
E87010,TPP
E87011,TPP
E87013,TPP
E87016,TPP
E87021,TPP
E87024,TPP
E87026,TPP
E87029,TPP
E87034,TPP
E87037,TPP
E87038,TPP
E87043,TPP
E87045,TPP
E87046,TPP
E87047,TPP
E87048,TPP
E87050,TPP
E87052,TPP
E87061,TPP
E87063,TPP
E87065,TPP
E87066,TPP
E87067,TPP
E87069,TPP
E87070,TPP
E87071,TPP
E87609,TPP
E87637,TPP
E87648,TPP
E87663,TPP
E87665,TPP
E87677,TPP
E87681,TPP
E87691,TPP
E87694,TPP
E87701,TPP
E87702,TPP
E87706,TPP
E87711,TPP
E87714,TPP
E87715,TPP
E87720,TPP
E87722,TPP
E87733,TPP
E87735,TPP
E87737,TPP
E87738,TPP
E87739,TPP
E87740,TPP
E87741,TPP
E87742,TPP
E87745,TPP
E87746,TPP
E87750,TPP
E87751,TPP
E87753,TPP
E87754,TPP
E87755,TPP
E87756,TPP
E87762,TPP
E87768,TPP
E87772,TPP
F81001,TPP
F81003,TPP
F81004,TPP
F81006,TPP
F81007,TPP
F81009,EMIS
F81010,TPP
F81011,TPP
F81012,EMIS
F81013,TPP
F81014,TPP
F81015,EMIS
F81016,TPP
F81017,EMIS
F81019,EMIS
F81020,TPP
F81021,EMIS
F81022,TPP
F81023,TPP
F81024,TPP
F81025,TPP
F81026,TPP
F81027,TPP
F81028,EMIS
F81029,TPP
F81030,TPP
F81031,TPP
F81032,TPP
F81034,EMIS
F81036,TPP
F81037,TPP
F81038,TPP
F81040,TPP
F81041,TPP
F81042,EMIS
F81043,TPP
F81044,EMIS
F81045,TPP
F81046,TPP
F81047,TPP
F81048,EMIS
F81049,TPP
F81051,TPP
F81052,EMIS
F81053,EMIS
F81055,TPP
F81057,TPP
F81060,TPP
F81061,TPP
F81062,TPP
F81065,TPP
F81066,TPP
F81067,TPP
F81068,TPP
F81069,TPP
F81071,TPP
F81072,TPP
F81074,TPP
F81075,TPP
F81076,TPP
F81078,TPP
F81080,TPP
F81081,TPP
F81082,TPP
F81083,TPP
F81085,TPP
F81086,TPP
F81087,TPP
F81088,TPP
F81089,TPP
F81090,EMIS
F81091,EMIS
F81092,TPP
F81095,TPP
F81096,TPP
F81097,TPP
F81098,TPP
F81099,TPP
F81100,TPP
F81101,TPP
F81102,TPP
F81104,TPP
F81105,TPP
F81106,TPP
F81108,TPP
F81110,TPP
F81111,EMIS
F81113,TPP
F81114,TPP
F81115,TPP
F81116,EMIS
F81117,TPP
F81118,EMIS
F81119,TPP
F81120,TPP
F81121,TPP
F81122,TPP
F81123,TPP
F81125,TPP
F81126,TPP
F81127,TPP
F81128,TPP
F81130,TPP
F81131,EMIS
F81132,EMIS
F81133,TPP
F81134,TPP
F81136,TPP
F81137,EMIS
F81138,EMIS
F81141,TPP
F81142,TPP
F81144,TPP
F81147,TPP
F81149,TPP
F81150,TPP
F81151,TPP
F81152,TPP
F81153,EMIS
F81155,TPP
F81156,TPP
F81158,TPP
F81159,TPP
F81163,TPP
F81164,TPP
F81165,TPP
F81168,TPP
F81169,TPP
F81170,TPP
F81173,TPP
F81176,TPP
F81181,TPP
F81183,TPP
F81184,TPP
F81186,TPP
F81192,TPP
F81193,TPP
F81195,TPP
F81197,TPP
F81198,TPP
F81200,TPP
F81205,TPP
F81206,TPP
F81207,TPP
F81209,TPP
F81211,TPP
F81213,EMIS
F81215,TPP
F81216,TPP
F81218,TPP
F81219,TPP
F81221,EMIS
F81222,TPP
F81223,TPP
F81606,EMIS
F81613,TPP
F81618,TPP
F81619,TPP
F81622,TPP
F81623,TPP
F81632,TPP
F81633,EMIS
F81635,TPP
F81636,TPP
F81640,TPP
F81641,TPP
F81645,TPP
F81649,TPP
F81651,TPP
F81652,TPP
F81656,TPP
F81665,TPP
F81666,TPP
F81669,TPP
F81674,TPP
F81675,TPP
F81679,TPP
F81681,TPP
F81683,TPP
F81684,TPP
F81688,TPP
F81690,TPP
F81691,TPP
F81696,TPP
F81697,TPP
F81700,TPP
F81704,TPP
F81707,TPP
F81708,TPP
F81711,TPP
F81713,TPP
F81716,TPP
F81721,TPP
F81725,TPP
F81729,TPP
F81730,EMIS
F81732,TPP
F81737,TPP
F81739,TPP
F81740,TPP
F81741,EMIS
F81744,TPP
F81746,TPP
F81749,TPP
F81756,TPP
F81757,EMIS
F82001,EMIS
F82002,EMIS
F82003,EMIS
F82005,EMIS
F82006,EMIS
F82007,EMIS
F82008,EMIS
F82009,EMIS
F82011,EMIS
F82012,EMIS
F82013,EMIS
F82014,EMIS
F82016,EMIS
F82017,EMIS
F82018,EMIS
F82019,EMIS
F82021,EMIS
F82022,EMIS
F82023,EMIS
F82025,EMIS
F82027,EMIS
F82028,EMIS
F82030,EMIS
F82034,EMIS
F82039,EMIS
F82040,EMIS
F82042,EMIS
F82045,EMIS
F82051,EMIS
F82053,EMIS
F82055,EMIS
F82604,EMIS
F82607,EMIS
F82609,EMIS
F82610,EMIS
F82612,EMIS
F82614,EMIS
F82619,EMIS
F82621,EMIS
F82624,EMIS
F82625,EMIS
F82627,EMIS
F82630,EMIS
F82634,EMIS
F82638,EMIS
F82639,EMIS
F82642,EMIS
F82647,EMIS
F82648,EMIS
F82649,EMIS
F82650,EMIS
F82660,EMIS
F82661,EMIS
F82666,EMIS
F82670,EMIS
F82671,EMIS
F82674,EMIS
F82675,EMIS
F82676,EMIS
F82677,EMIS
F82679,EMIS
F82680,TPP
F82686,EMIS
F83002,EMIS
F83003,EMIS
F83004,EMIS
F83005,EMIS
F83006,EMIS
F83007,EMIS
F83008,EMIS
F83010,EMIS
F83011,EMIS
F83012,EMIS
F83015,EMIS
F83017,EMIS
F83018,EMIS
F83019,EMIS
F83020,EMIS
F83021,EMIS
F83022,EMIS
F83023,EMIS
F83025,EMIS
F83027,EMIS
F83032,EMIS
F83033,EMIS
F83034,EMIS
F83039,EMIS
F83042,EMIS
F83043,EMIS
F83044,EMIS
F83045,EMIS
F83048,EMIS
F83050,EMIS
F83052,EMIS
F83053,EMIS
F83055,EMIS
F83056,EMIS
F83057,EMIS
F83058,EMIS
F83059,EMIS
F83060,EMIS
F83061,EMIS
F83063,EMIS
F83064,EMIS
F83615,EMIS
F83623,EMIS
F83624,EMIS
F83632,EMIS
F83633,EMIS
F83635,EMIS
F83652,EMIS
F83658,EMIS
F83660,EMIS
F83664,EMIS
F83665,EMIS
F83666,EMIS
F83671,EMIS
F83672,EMIS
F83673,EMIS
F83674,EMIS
F83677,EMIS
F83678,EMIS
F83680,EMIS
F83681,EMIS
F83682,EMIS
F83683,EMIS
F83686,EMIS
F84003,EMIS
F84004,EMIS
F84006,EMIS
F84008,EMIS
F84009,EMIS
F84010,EMIS
F84012,EMIS
F84013,EMIS
F84014,EMIS
F84015,EMIS
F84016,EMIS
F84017,EMIS
F84018,EMIS
F84021,EMIS
F84022,EMIS
F84025,EMIS
F84030,EMIS
F84031,EMIS
F84033,EMIS
F84034,EMIS
F84035,EMIS
F84036,EMIS
F84038,EMIS
F84039,EMIS
F84041,EMIS
F84043,EMIS
F84044,EMIS
F84046,EMIS
F84047,EMIS
F84050,EMIS
F84051,EMIS
F84052,EMIS
F84053,EMIS
F84054,EMIS
F84055,EMIS
F84060,EMIS
F84062,EMIS
F84063,EMIS
F84069,EMIS
F84070,EMIS
F84072,EMIS
F84074,EMIS
F84077,EMIS
F84079,EMIS
F84080,EMIS
F84081,EMIS
F84083,EMIS
F84086,EMIS
F84087,EMIS
F84088,EMIS
F84091,EMIS
F84092,EMIS
F84093,EMIS
F84096,EMIS
F84097,EMIS
F84105,EMIS
F84111,EMIS
F84114,EMIS
F84115,EMIS
F84117,EMIS
F84118,EMIS
F84119,EMIS
F84121,EMIS
F84122,EMIS
F84123,EMIS
F84124,EMIS
F84601,EMIS
F84619,EMIS
F84620,EMIS
F84621,EMIS
F84624,EMIS
F84631,EMIS
F84632,EMIS
F84635,EMIS
F84636,EMIS
F84640,EMIS
F84641,EMIS
F84642,EMIS
F84647,EMIS
F84656,EMIS
F84657,EMIS
F84658,EMIS
F84660,EMIS
F84666,EMIS
F84668,EMIS
F84669,EMIS
F84670,EMIS
F84672,EMIS
F84673,EMIS
F84676,EMIS
F84677,EMIS
F84681,EMIS
F84682,EMIS
F84685,EMIS
F84686,EMIS
F84692,EMIS
F84694,EMIS
F84696,EMIS
F84698,EMIS
F84699,EMIS
F84706,EMIS
F84708,EMIS
F84710,EMIS
F84711,EMIS
F84714,EMIS
F84716,EMIS
F84717,EMIS
F84718,EMIS
F84719,EMIS
F84720,EMIS
F84724,EMIS
F84729,EMIS
F84730,EMIS
F84731,EMIS
F84733,EMIS
F84734,EMIS
F84735,EMIS
F84739,EMIS
F84740,EMIS
F84741,EMIS
F84742,EMIS
F84747,EMIS
F84749,EMIS
F85002,EMIS
F85004,EMIS
F85007,EMIS
F85008,EMIS
F85010,EMIS
F85013,EMIS
F85014,EMIS
F85016,EMIS
F85017,EMIS
F85019,EMIS
F85020,EMIS
F85023,EMIS
F85024,EMIS
F85025,EMIS
F85028,EMIS
F85029,EMIS
F85030,EMIS
F85031,EMIS
F85032,EMIS
F85033,EMIS
F85034,EMIS
F85035,EMIS
F85039,EMIS
F85043,EMIS
F85044,EMIS
F85045,EMIS
F85046,EMIS
F85052,EMIS
F85055,EMIS
F85058,EMIS
F85060,EMIS
F85063,EMIS
F85064,EMIS
F85065,EMIS
F85066,EMIS
F85067,EMIS
F85069,EMIS
F85071,EMIS
F85072,EMIS
F85076,EMIS
F85615,EMIS
F85623,EMIS
F85625,EMIS
F85628,EMIS
F85634,EMIS
F85640,EMIS
F85642,EMIS
F85645,EMIS
F85650,EMIS
F85654,EMIS
F85656,EMIS
F85663,EMIS
F85666,EMIS
F85669,EMIS
F85675,EMIS
F85676,EMIS
F85678,EMIS
F85680,EMIS
F85681,EMIS
F85682,EMIS
F85686,EMIS
F85687,EMIS
F85688,EMIS
F85697,EMIS
F85700,EMIS
F85701,EMIS
F85705,EMIS
F86001,EMIS
F86004,TPP
F86005,EMIS
F86006,EMIS
F86008,EMIS
F86009,EMIS
F86010,EMIS
F86011,EMIS
F86012,EMIS
F86013,TPP
F86018,TPP
F86020,EMIS
F86022,EMIS
F86023,EMIS
F86025,TPP
F86026,TPP
F86028,EMIS
F86030,EMIS
F86032,EMIS
F86034,EMIS
F86036,EMIS
F86038,EMIS
F86040,EMIS
F86042,EMIS
F86044,EMIS
F86045,EMIS
F86058,EMIS
F86060,EMIS
F86062,EMIS
F86064,EMIS
F86066,EMIS
F86073,EMIS
F86074,TPP
F86078,EMIS
F86081,EMIS
F86082,TPP
F86083,EMIS
F86085,EMIS
F86086,EMIS
F86087,EMIS
F86088,EMIS
F86607,EMIS
F86612,EMIS
F86616,EMIS
F86621,EMIS
F86624,EMIS
F86625,EMIS
F86626,EMIS
F86627,EMIS
F86637,EMIS
F86638,TPP
F86641,EMIS
F86642,EMIS
F86644,EMIS
F86650,EMIS
F86652,EMIS
F86657,TPP
F86658,TPP
F86664,EMIS
F86666,EMIS
F86679,EMIS
F86689,EMIS
F86691,EMIS
F86692,EMIS
F86696,EMIS
F86698,EMIS
F86700,EMIS
F86701,EMIS
F86702,EMIS
F86703,EMIS
F86704,TPP
F86705,EMIS
F86707,EMIS
F86708,EMIS
F86712,EMIS
F86731,EMIS
G81001,TPP
G81002,EMIS
G81003,EMIS
G81004,EMIS
G81006,EMIS
G81007,EMIS
G81008,EMIS
G81011,TPP
G81012,EMIS
G81014,EMIS
G81016,EMIS
G81017,EMIS
G81018,TPP
G81019,EMIS
G81021,TPP
G81022,EMIS
G81023,EMIS
G81024,TPP
G81025,EMIS
G81026,EMIS
G81027,EMIS
G81028,TPP
G81029,EMIS
G81030,EMIS
G81031,EMIS
G81032,EMIS
G81034,TPP
G81035,TPP
G81036,EMIS
G81037,TPP
G81038,EMIS
G81039,EMIS
G81040,TPP
G81041,EMIS
G81042,TPP
G81043,EMIS
G81044,TPP
G81045,TPP
G81046,EMIS
G81047,TPP
G81048,EMIS
G81049,EMIS
G81050,EMIS
G81051,EMIS
G81052,EMIS
G81053,TPP
G81054,EMIS
G81055,EMIS
G81056,EMIS
G81057,EMIS
G81059,EMIS
G81061,EMIS
G81065,TPP
G81070,EMIS
G81073,TPP
G81074,EMIS
G81075,TPP
G81076,TPP
G81077,EMIS
G81082,EMIS
G81083,TPP
G81084,EMIS
G81085,EMIS
G81086,TPP
G81087,EMIS
G81088,TPP
G81089,EMIS
G81090,TPP
G81095,EMIS
G81096,EMIS
G81098,EMIS
G81099,EMIS
G81100,TPP
G81102,EMIS
G81104,EMIS
G81105,EMIS
G81613,TPP
G81614,TPP
G81634,EMIS
G81638,TPP
G81641,EMIS
G81646,EMIS
G81656,EMIS
G81658,EMIS
G81663,TPP
G81667,TPP
G81669,TPP
G81680,TPP
G81684,TPP
G81689,TPP
G81694,EMIS
G82007,EMIS
G82011,EMIS
G82013,EMIS
G82015,EMIS
G82016,EMIS
G82018,EMIS
G82019,EMIS
G82020,EMIS
G82022,EMIS
G82023,EMIS
G82024,EMIS
G82025,EMIS
G82026,EMIS
G82027,EMIS
G82035,EMIS
G82036,EMIS
G82038,EMIS
G82039,EMIS
G82041,EMIS
G82042,EMIS
G82046,EMIS
G82049,EMIS
G82050,EMIS
G82051,EMIS
G82052,EMIS
G82053,EMIS
G82055,EMIS
G82057,EMIS
G82058,EMIS
G82059,EMIS
G82060,EMIS
G82062,EMIS
G82063,EMIS
G82064,EMIS
G82065,EMIS
G82066,EMIS
G82069,EMIS
G82071,EMIS
G82074,EMIS
G82079,EMIS
G82080,EMIS
G82082,EMIS
G82086,EMIS
G82087,EMIS
G82088,EMIS
G82090,EMIS
G82091,EMIS
G82092,EMIS
G82093,EMIS
G82094,EMIS
G82095,EMIS
G82097,EMIS
G82100,EMIS
G82105,EMIS
G82106,EMIS
G82107,EMIS
G82108,EMIS
G82109,EMIS
G82110,EMIS
G82111,EMIS
G82112,EMIS
G82114,EMIS
G82115,EMIS
G82118,EMIS
G82119,EMIS
G82121,EMIS
G82122,EMIS
G82123,EMIS
G82125,EMIS
G82126,EMIS
G82128,EMIS
G82129,EMIS
G82137,EMIS
G82138,EMIS
G82139,EMIS
G82140,EMIS
G82141,EMIS
G82142,EMIS
G82148,EMIS
G82150,EMIS
G82152,EMIS
G82154,EMIS
G82155,EMIS
G82158,EMIS
G82160,EMIS
G82161,EMIS
G82162,EMIS
G82165,EMIS
G82170,EMIS
G82175,TPP
G82180,EMIS
G82184,EMIS
G82186,EMIS
G82198,EMIS
G82200,EMIS
G82203,EMIS
G82204,EMIS
G82215,EMIS
G82217,EMIS
G82219,EMIS
G82224,EMIS
G82226,EMIS
G82228,EMIS
G82229,EMIS
G82231,EMIS
G82232,EMIS
G82233,EMIS
G82234,EMIS
G82600,EMIS
G82605,EMIS
G82622,EMIS
G82631,EMIS
G82634,EMIS
G82635,EMIS
G82650,EMIS
G82652,EMIS
G82653,EMIS
G82658,EMIS
G82662,EMIS
G82665,EMIS
G82666,EMIS
G82671,EMIS
G82679,EMIS
G82682,EMIS
G82686,EMIS
G82687,EMIS
G82691,EMIS
G82693,EMIS
G82696,EMIS
G82697,EMIS
G82698,EMIS
G82702,EMIS
G82704,EMIS
G82706,EMIS
G82708,EMIS
G82711,EMIS
G82719,EMIS
G82721,EMIS
G82727,EMIS
G82730,EMIS
G82731,EMIS
G82735,EMIS
G82737,EMIS
G82741,EMIS
G82744,EMIS
G82753,EMIS
G82754,EMIS
G82757,EMIS
G82760,EMIS
G82762,EMIS
G82763,EMIS
G82768,EMIS
G82775,EMIS
G82777,EMIS
G82790,EMIS
G82791,EMIS
G82796,EMIS
G82799,EMIS
G82802,EMIS
G82820,EMIS
G82888,EMIS
G83001,EMIS
G83002,EMIS
G83004,EMIS
G83006,EMIS
G83010,EMIS
G83012,EMIS
G83018,EMIS
G83021,EMIS
G83025,EMIS
G83049,EMIS
G83053,EMIS
G83067,EMIS
G83630,EMIS
G83642,EMIS
G84001,EMIS
G84002,EMIS
G84003,EMIS
G84004,EMIS
G84005,EMIS
G84006,EMIS
G84007,EMIS
G84008,EMIS
G84009,EMIS
G84010,EMIS
G84011,EMIS
G84013,EMIS
G84015,EMIS
G84016,EMIS
G84017,EMIS
G84018,EMIS
G84019,EMIS
G84020,EMIS
G84021,EMIS
G84022,EMIS
G84023,EMIS
G84024,EMIS
G84025,EMIS
G84027,EMIS
G84028,EMIS
G84029,EMIS
G84030,EMIS
G84032,EMIS
G84033,EMIS
G84035,EMIS
G84039,EMIS
G84040,EMIS
G84041,EMIS
G84604,EMIS
G84607,EMIS
G84609,EMIS
G84621,EMIS
G84624,EMIS
G84625,EMIS
G84627,EMIS
G84628,EMIS
G84629,EMIS
G84630,EMIS
G85001,EMIS
G85002,EMIS
G85003,EMIS
G85004,EMIS
G85005,EMIS
G85006,EMIS
G85008,EMIS
G85011,EMIS
G85013,EMIS
G85014,EMIS
G85015,EMIS
G85016,EMIS
G85019,EMIS
G85020,EMIS
G85021,EMIS
G85022,EMIS
G85023,EMIS
G85024,EMIS
G85025,EMIS
G85026,EMIS
G85027,EMIS
G85028,EMIS
G85029,EMIS
G85030,EMIS
G85031,EMIS
G85032,EMIS
G85034,EMIS
G85035,EMIS
G85038,EMIS
G85039,EMIS
G85040,EMIS
G85041,EMIS
G85042,EMIS
G85044,EMIS
G85045,EMIS
G85046,EMIS
G85047,EMIS
G85048,EMIS
G85050,EMIS
G85051,EMIS
G85052,EMIS
G85053,EMIS
G85054,EMIS
G85055,EMIS
G85057,EMIS
G85061,EMIS
G85065,EMIS
G85073,EMIS
G85076,EMIS
G85081,EMIS
G85082,EMIS
G85083,EMIS
G85084,EMIS
G85085,EMIS
G85086,EMIS
G85087,EMIS
G85089,EMIS
G85091,EMIS
G85096,EMIS
G85100,EMIS
G85102,EMIS
G85104,EMIS
G85105,EMIS
G85106,EMIS
G85109,EMIS
G85112,EMIS
G85114,EMIS
G85118,EMIS
G85119,EMIS
G85120,EMIS
G85121,EMIS
G85123,EMIS
G85124,EMIS
G85125,EMIS
G85127,EMIS
G85129,EMIS
G85130,EMIS
G85132,EMIS
G85134,EMIS
G85135,EMIS
G85136,EMIS
G85137,EMIS
G85138,EMIS
G85618,EMIS
G85623,EMIS
G85632,EMIS
G85633,EMIS
G85642,EMIS
G85644,EMIS
G85647,EMIS
G85651,EMIS
G85662,EMIS
G85673,EMIS
G85674,EMIS
G85681,EMIS
G85685,EMIS
G85690,EMIS
G85695,EMIS
G85696,EMIS
G85698,EMIS
G85705,EMIS
G85706,EMIS
G85708,EMIS
G85711,EMIS
G85712,EMIS
G85713,EMIS
G85715,EMIS
G85716,EMIS
G85717,EMIS
G85721,EMIS
G85722,EMIS
G85724,EMIS
G85726,EMIS
G85727,EMIS
G85736,EMIS
H81002,EMIS
H81003,EMIS
H81004,EMIS
H81005,EMIS
H81006,EMIS
H81007,EMIS
H81009,EMIS
H81010,EMIS
H81011,EMIS
H81013,EMIS
H81015,EMIS
H81016,EMIS
H81017,EMIS
H81019,EMIS
H81020,EMIS
H81021,EMIS
H81022,EMIS
H81023,EMIS
H81024,EMIS
H81025,EMIS
H81026,EMIS
H81027,EMIS
H81028,TPP
H81029,EMIS
H81030,EMIS
H81031,EMIS
H81032,EMIS
H81033,EMIS
H81034,EMIS
H81035,EMIS
H81036,EMIS
H81037,EMIS
H81038,EMIS
H81039,EMIS
H81040,EMIS
H81041,EMIS
H81042,EMIS
H81043,EMIS
H81044,EMIS
H81045,EMIS
H81047,EMIS
H81048,TPP
H81050,EMIS
H81051,EMIS
H81052,EMIS
H81053,EMIS
H81055,EMIS
H81056,EMIS
H81057,EMIS
H81058,EMIS
H81060,EMIS
H81061,EMIS
H81062,EMIS
H81064,EMIS
H81065,EMIS
H81066,EMIS
H81067,EMIS
H81068,TPP
H81069,EMIS
H81070,EMIS
H81071,EMIS
H81072,TPP
H81073,EMIS
H81074,EMIS
H81075,EMIS
H81076,EMIS
H81077,EMIS
H81078,EMIS
H81079,EMIS
H81080,EMIS
H81081,EMIS
H81082,EMIS
H81083,EMIS
H81084,EMIS
H81085,EMIS
H81086,EMIS
H81087,EMIS
H81088,EMIS
H81089,EMIS
H81090,EMIS
H81091,EMIS
H81094,EMIS
H81095,EMIS
H81097,EMIS
H81099,EMIS
H81101,EMIS
H81103,EMIS
H81104,EMIS
H81107,EMIS
H81109,EMIS
H81110,EMIS
H81111,EMIS
H81113,TPP
H81116,EMIS
H81118,EMIS
H81119,EMIS
H81122,EMIS
H81123,EMIS
H81126,EMIS
H81128,EMIS
H81129,EMIS
H81130,EMIS
H81131,EMIS
H81132,EMIS
H81133,EMIS
H81134,EMIS
H81613,EMIS
H81615,EMIS
H81618,EMIS
H81632,EMIS
H81638,EMIS
H81641,EMIS
H81642,EMIS
H81643,EMIS
H81644,EMIS
H81647,EMIS
H81656,EMIS
H81658,EMIS
H81663,EMIS
H81664,EMIS
H81667,EMIS
H81672,EMIS
H82003,EMIS
H82004,EMIS
H82005,TPP
H82006,TPP
H82007,TPP
H82008,TPP
H82009,EMIS
H82010,EMIS
H82011,TPP
H82012,TPP
H82013,TPP
H82014,TPP
H82015,EMIS
H82016,TPP
H82017,TPP
H82020,TPP
H82022,TPP
H82023,EMIS
H82025,TPP
H82026,TPP
H82027,TPP
H82028,TPP
H82029,EMIS
H82030,TPP
H82031,TPP
H82032,TPP
H82033,TPP
H82034,TPP
H82035,TPP
H82036,TPP
H82037,TPP
H82038,TPP
H82039,TPP
H82040,EMIS
H82041,EMIS
H82042,TPP
H82044,TPP
H82045,EMIS
H82046,TPP
H82047,TPP
H82049,TPP
H82050,EMIS
H82051,TPP
H82052,EMIS
H82053,EMIS
H82055,EMIS
H82056,EMIS
H82057,TPP
H82058,TPP
H82059,TPP
H82060,TPP
H82061,EMIS
H82063,EMIS
H82064,TPP
H82065,EMIS
H82066,TPP
H82067,TPP
H82070,EMIS
H82072,EMIS
H82076,EMIS
H82077,EMIS
H82078,TPP
H82083,EMIS
H82084,EMIS
H82087,EMIS
H82088,TPP
H82089,TPP
H82091,EMIS
H82092,TPP
H82095,TPP
H82096,EMIS
H82098,TPP
H82099,TPP
H82100,EMIS
H82615,TPP
H82621,EMIS
H82641,TPP
H83001,EMIS
H83004,EMIS
H83005,EMIS
H83006,EMIS
H83007,EMIS
H83008,EMIS
H83009,EMIS
H83010,EMIS
H83011,EMIS
H83012,EMIS
H83013,EMIS
H83014,EMIS
H83015,EMIS
H83016,EMIS
H83017,EMIS
H83018,EMIS
H83019,EMIS
H83020,EMIS
H83021,EMIS
H83022,EMIS
H83023,EMIS
H83024,EMIS
H83027,EMIS
H83028,EMIS
H83029,EMIS
H83030,EMIS
H83031,EMIS
H83033,EMIS
H83034,EMIS
H83035,EMIS
H83037,EMIS
H83039,EMIS
H83040,EMIS
H83042,EMIS
H83043,EMIS
H83044,EMIS
H83046,EMIS
H83048,EMIS
H83049,EMIS
H83050,EMIS
H83051,EMIS
H83052,EMIS
H83053,EMIS
H83608,EMIS
H83609,EMIS
H83611,EMIS
H83620,EMIS
H83622,EMIS
H83624,EMIS
H83625,EMIS
H83627,EMIS
H83631,EMIS
H84005,EMIS
H84010,EMIS
H84014,EMIS
H84015,EMIS
H84016,EMIS
H84017,EMIS
H84020,EMIS
H84025,EMIS
H84027,EMIS
H84030,EMIS
H84031,EMIS
H84033,EMIS
H84034,EMIS
H84041,EMIS
H84042,EMIS
H84050,EMIS
H84051,EMIS
H84053,EMIS
H84054,EMIS
H84061,EMIS
H84062,EMIS
H84618,EMIS
H84619,EMIS
H84625,EMIS
H84629,EMIS
H84632,EMIS
H84633,EMIS
H84635,EMIS
H84639,EMIS
H85001,EMIS
H85002,EMIS
H85003,EMIS
H85005,EMIS
H85006,EMIS
H85007,EMIS
H85008,EMIS
H85009,EMIS
H85011,EMIS
H85012,EMIS
H85018,EMIS
H85020,EMIS
H85021,EMIS
H85022,EMIS
H85023,EMIS
H85024,EMIS
H85025,EMIS
H85026,EMIS
H85028,EMIS
H85029,EMIS
H85030,EMIS
H85031,EMIS
H85032,EMIS
H85033,EMIS
H85035,EMIS
H85037,EMIS
H85038,EMIS
H85039,EMIS
H85041,EMIS
H85045,EMIS
H85047,EMIS
H85048,EMIS
H85049,EMIS
H85051,EMIS
H85052,EMIS
H85053,EMIS
H85055,EMIS
H85057,EMIS
H85061,EMIS
H85063,EMIS
H85065,EMIS
H85066,EMIS
H85067,EMIS
H85069,EMIS
H85070,EMIS
H85075,EMIS
H85076,EMIS
H85077,EMIS
H85082,EMIS
H85086,EMIS
H85087,EMIS
H85088,EMIS
H85090,EMIS
H85092,EMIS
H85095,EMIS
H85100,EMIS
H85101,EMIS
H85103,EMIS
H85105,EMIS
H85108,EMIS
H85110,EMIS
H85111,EMIS
H85112,EMIS
H85113,EMIS
H85114,EMIS
H85115,EMIS
H85116,EMIS
H85618,EMIS
H85634,EMIS
H85637,EMIS
H85649,EMIS
H85653,EMIS
H85656,EMIS
H85659,EMIS
H85664,EMIS
H85665,EMIS
H85680,EMIS
H85682,EMIS
H85683,EMIS
H85686,EMIS
H85691,EMIS
H85693,EMIS
H85695,EMIS
J81003,TPP
J81004,TPP
J81005,TPP
J81006,TPP
J81009,TPP
J81010,TPP
J81011,TPP
J81012,TPP
J81013,TPP
J81014,TPP
J81016,TPP
J81017,TPP
J81019,TPP
J81020,TPP
J81021,TPP
J81022,TPP
J81025,TPP
J81027,TPP
J81028,TPP
J81029,TPP
J81031,TPP
J81032,TPP
J81033,TPP
J81034,TPP
J81035,TPP
J81036,TPP
J81039,TPP
J81041,TPP
J81042,TPP
J81044,TPP
J81046,TPP
J81047,TPP
J81048,TPP
J81049,TPP
J81051,TPP
J81052,TPP
J81053,TPP
J81054,TPP
J81056,TPP
J81057,TPP
J81058,TPP
J81062,TPP
J81064,TPP
J81066,TPP
J81068,TPP
J81069,TPP
J81070,TPP
J81071,TPP
J81072,TPP
J81073,TPP
J81074,TPP
J81075,TPP
J81076,TPP
J81077,TPP
J81078,TPP
J81081,TPP
J81082,TPP
J81083,TPP
J81086,TPP
J81087,TPP
J81609,TPP
J81612,TPP
J81613,TPP
J81616,EMIS
J81620,TPP
J81621,TPP
J81625,TPP
J81626,TPP
J81628,TPP
J81631,TPP
J81633,TPP
J81634,TPP
J81637,TPP
J81644,EMIS
J81646,TPP
J81647,TPP
J81648,TPP
J82001,TPP
J82002,EMIS
J82005,EMIS
J82006,EMIS
J82007,TPP
J82008,EMIS
J82009,TPP
J82010,EMIS
J82012,EMIS
J82014,EMIS
J82015,EMIS
J82016,EMIS
J82017,EMIS
J82018,EMIS
J82019,EMIS
J82020,EMIS
J82021,EMIS
J82022,TPP
J82023,EMIS
J82024,TPP
J82025,EMIS
J82026,EMIS
J82028,TPP
J82029,TPP
J82032,EMIS
J82033,EMIS
J82034,EMIS
J82035,EMIS
J82036,EMIS
J82039,TPP
J82040,EMIS
J82041,EMIS
J82042,EMIS
J82044,EMIS
J82049,EMIS
J82050,EMIS
J82051,EMIS
J82053,EMIS
J82054,EMIS
J82055,TPP
J82056,EMIS
J82058,EMIS
J82059,EMIS
J82060,TPP
J82061,EMIS
J82062,EMIS
J82063,EMIS
J82064,EMIS
J82066,EMIS
J82067,EMIS
J82069,EMIS
J82071,EMIS
J82072,EMIS
J82073,TPP
J82074,TPP
J82075,TPP
J82076,TPP
J82077,EMIS
J82079,EMIS
J82080,EMIS
J82081,TPP
J82082,EMIS
J82083,EMIS
J82084,EMIS
J82085,TPP
J82087,TPP
J82088,EMIS
J82089,EMIS
J82090,TPP
J82092,EMIS
J82094,EMIS
J82097,EMIS
J82098,EMIS
J82099,EMIS
J82101,EMIS
J82102,TPP
J82103,EMIS
J82104,EMIS
J82106,EMIS
J82110,EMIS
J82112,EMIS
J82114,TPP
J82115,TPP
J82116,EMIS
J82117,TPP
J82119,EMIS
J82120,EMIS
J82121,EMIS
J82122,TPP
J82124,EMIS
J82125,EMIS
J82126,EMIS
J82128,TPP
J82129,EMIS
J82130,EMIS
J82131,TPP
J82132,EMIS
J82133,EMIS
J82134,EMIS
J82135,EMIS
J82136,EMIS
J82138,EMIS
J82139,EMIS
J82141,EMIS
J82142,EMIS
J82143,EMIS
J82144,EMIS
J82145,EMIS
J82146,EMIS
J82147,EMIS
J82149,TPP
J82150,TPP
J82151,EMIS
J82152,EMIS
J82154,EMIS
J82155,TPP
J82156,EMIS
J82157,EMIS
J82163,EMIS
J82164,EMIS
J82165,TPP
J82166,TPP
J82167,EMIS
J82169,EMIS
J82174,EMIS
J82177,TPP
J82178,EMIS
J82180,EMIS
J82181,EMIS
J82183,TPP
J82184,EMIS
J82188,EMIS
J82192,EMIS
J82194,TPP
J82195,EMIS
J82196,EMIS
J82197,EMIS
J82198,EMIS
J82199,TPP
J82201,EMIS
J82207,EMIS
J82208,TPP
J82210,EMIS
J82213,EMIS
J82214,EMIS
J82215,EMIS
J82216,EMIS
J82217,TPP
J82218,EMIS
J82220,EMIS
J82605,TPP
J82622,EMIS
J82625,EMIS
J82628,EMIS
J82630,EMIS
J82633,EMIS
J82634,EMIS
J82639,EMIS
J82640,EMIS
J82646,EMIS
J82648,EMIS
J82663,EMIS
J82669,EMIS
J83001,TPP
J83002,TPP
J83003,TPP
J83004,TPP
J83005,TPP
J83006,EMIS
J83007,TPP
J83008,TPP
J83009,TPP
J83010,TPP
J83011,TPP
J83013,TPP
J83014,TPP
J83016,TPP
J83018,TPP
J83019,TPP
J83021,TPP
J83022,TPP
J83023,TPP
J83024,TPP
J83025,TPP
J83026,TPP
J83027,TPP
J83029,TPP
J83030,TPP
J83031,TPP
J83033,EMIS
J83034,TPP
J83035,TPP
J83036,TPP
J83037,TPP
J83038,EMIS
J83039,TPP
J83040,TPP
J83041,TPP
J83042,TPP
J83043,TPP
J83045,TPP
J83046,TPP
J83047,TPP
J83048,TPP
J83049,TPP
J83050,TPP
J83052,TPP
J83053,TPP
J83055,TPP
J83056,TPP
J83057,TPP
J83058,EMIS
J83059,EMIS
J83060,TPP
J83063,TPP
J83064,TPP
J83601,TPP
J83603,EMIS
J83609,TPP
J83615,TPP
J83618,TPP
J83619,TPP
J83625,TPP
J83629,TPP
J83630,TPP
J83632,TPP
J83633,TPP
J83644,EMIS
J83645,TPP
J83646,TPP
J84003,TPP
J84004,TPP
J84005,TPP
J84007,TPP
J84008,TPP
J84010,TPP
J84011,TPP
J84012,TPP
J84013,TPP
J84014,TPP
J84015,TPP
J84016,TPP
J84017,TPP
J84018,TPP
J84019,TPP
J84020,TPP
K81001,EMIS
K81002,EMIS
K81003,EMIS
K81004,EMIS
K81005,EMIS
K81006,EMIS
K81007,EMIS
K81010,EMIS
K81012,EMIS
K81014,EMIS
K81017,EMIS
K81018,EMIS
K81019,EMIS
K81020,EMIS
K81021,EMIS
K81022,EMIS
K81023,EMIS
K81024,EMIS
K81025,EMIS
K81026,EMIS
K81028,EMIS
K81030,EMIS
K81034,EMIS
K81036,EMIS
K81039,EMIS
K81040,EMIS
K81041,EMIS
K81042,EMIS
K81043,EMIS
K81045,EMIS
K81046,EMIS
K81047,EMIS
K81048,EMIS
K81050,EMIS
K81051,EMIS
K81052,TPP
K81056,EMIS
K81057,TPP
K81059,EMIS
K81060,EMIS
K81062,EMIS
K81063,EMIS
K81066,EMIS
K81067,EMIS
K81068,EMIS
K81069,EMIS
K81074,EMIS
K81075,EMIS
K81076,EMIS
K81077,EMIS
K81078,EMIS
K81080,EMIS
K81081,EMIS
K81082,EMIS
K81084,EMIS
K81085,EMIS
K81086,EMIS
K81087,EMIS
K81092,EMIS
K81094,EMIS
K81097,EMIS
K81102,EMIS
K81103,EMIS
K81605,EMIS
K81608,EMIS
K81610,EMIS
K81613,EMIS
K81622,EMIS
K81630,EMIS
K81632,EMIS
K81638,EMIS
K81640,EMIS
K81644,EMIS
K81645,EMIS
K81647,TPP
K81651,EMIS
K81655,EMIS
K81656,EMIS
K81657,EMIS
K82001,EMIS
K82003,TPP
K82004,EMIS
K82006,EMIS
K82007,EMIS
K82008,EMIS
K82009,TPP
K82010,EMIS
K82011,EMIS
K82012,EMIS
K82013,TPP
K82014,EMIS
K82015,TPP
K82016,TPP
K82017,EMIS
K82018,EMIS
K82019,EMIS
K82020,EMIS
K82021,EMIS
K82022,EMIS
K82023,EMIS
K82024,EMIS
K82025,TPP
K82026,TPP
K82027,TPP
K82028,EMIS
K82029,EMIS
K82030,EMIS
K82031,EMIS
K82032,TPP
K82033,EMIS
K82035,EMIS
K82036,EMIS
K82037,TPP
K82038,EMIS
K82039,TPP
K82040,EMIS
K82042,EMIS
K82043,EMIS
K82044,EMIS
K82045,EMIS
K82046,EMIS
K82047,EMIS
K82048,EMIS
K82050,TPP
K82051,EMIS
K82053,EMIS
K82054,TPP
K82055,EMIS
K82057,TPP
K82058,EMIS
K82059,TPP
K82060,TPP
K82061,EMIS
K82062,TPP
K82064,TPP
K82065,TPP
K82066,EMIS
K82067,TPP
K82068,EMIS
K82070,EMIS
K82073,EMIS
K82074,TPP
K82076,TPP
K82078,EMIS
K82079,EMIS
K82603,EMIS
K82608,EMIS
K82610,TPP
K82615,TPP
K82617,TPP
K82621,EMIS
K82631,TPP
K82633,TPP
K83002,TPP
K83003,TPP
K83005,EMIS
K83006,TPP
K83007,EMIS
K83008,TPP
K83009,TPP
K83010,TPP
K83011,EMIS
K83012,TPP
K83013,TPP
K83014,TPP
K83015,TPP
K83017,TPP
K83018,EMIS
K83019,TPP
K83020,TPP
K83021,TPP
K83022,EMIS
K83023,TPP
K83024,TPP
K83025,TPP
K83026,TPP
K83027,TPP
K83028,EMIS
K83029,TPP
K83030,EMIS
K83031,EMIS
K83032,TPP
K83033,EMIS
K83035,TPP
K83036,TPP
K83037,TPP
K83039,TPP
K83040,TPP
K83041,TPP
K83042,TPP
K83043,TPP
K83044,EMIS
K83047,TPP
K83048,TPP
K83049,TPP
K83050,EMIS
K83051,TPP
K83052,TPP
K83053,EMIS
K83055,TPP
K83056,EMIS
K83059,TPP
K83064,EMIS
K83065,EMIS
K83066,TPP
K83068,TPP
K83069,EMIS
K83070,EMIS
K83076,TPP
K83077,TPP
K83079,TPP
K83080,EMIS
K83081,TPP
K83601,TPP
K83607,TPP
K83610,TPP
K83614,TPP
K83616,TPP
K83618,TPP
K83620,TPP
K83621,TPP
K83622,TPP
K83625,EMIS
K84001,EMIS
K84002,EMIS
K84003,EMIS
K84004,EMIS
K84006,EMIS
K84007,EMIS
K84008,EMIS
K84009,EMIS
K84010,EMIS
K84011,EMIS
K84013,EMIS
K84014,EMIS
K84016,EMIS
K84017,EMIS
K84019,EMIS
K84020,EMIS
K84021,EMIS
K84023,EMIS
K84024,EMIS
K84025,EMIS
K84026,EMIS
K84027,EMIS
K84028,EMIS
K84030,EMIS
K84031,EMIS
K84032,EMIS
K84033,EMIS
K84034,EMIS
K84035,EMIS
K84036,EMIS
K84037,EMIS
K84038,EMIS
K84040,EMIS
K84041,EMIS
K84042,EMIS
K84043,EMIS
K84044,EMIS
K84045,EMIS
K84046,EMIS
K84047,EMIS
K84048,EMIS
K84049,EMIS
K84050,EMIS
K84051,EMIS
K84052,EMIS
K84054,EMIS
K84055,EMIS
K84056,EMIS
K84058,EMIS
K84059,EMIS
K84060,EMIS
K84062,EMIS
K84063,EMIS
K84066,EMIS
K84071,EMIS
K84072,EMIS
K84075,EMIS
K84078,EMIS
K84079,EMIS
K84080,EMIS
K84082,EMIS
K84605,EMIS
K84608,EMIS
K84610,EMIS
K84613,EMIS
K84617,EMIS
K84618,EMIS
K84624,EMIS
L81004,EMIS
L81007,EMIS
L81008,EMIS
L81009,EMIS
L81010,TPP
L81012,EMIS
L81013,EMIS
L81014,EMIS
L81015,EMIS
L81016,EMIS
L81017,EMIS
L81018,EMIS
L81019,EMIS
L81020,TPP
L81021,EMIS
L81022,EMIS
L81023,EMIS
L81024,EMIS
L81025,TPP
L81026,EMIS
L81028,EMIS
L81029,EMIS
L81030,EMIS
L81031,EMIS
L81032,EMIS
L81033,EMIS
L81034,EMIS
L81036,EMIS
L81037,EMIS
L81038,EMIS
L81039,TPP
L81040,EMIS
L81041,EMIS
L81042,EMIS
L81043,EMIS
L81044,EMIS
L81045,TPP
L81046,EMIS
L81047,EMIS
L81050,EMIS
L81051,EMIS
L81053,EMIS
L81054,EMIS
L81055,EMIS
L81058,EMIS
L81059,TPP
L81061,EMIS
L81062,EMIS
L81063,EMIS
L81065,TPP
L81066,EMIS
L81067,EMIS
L81068,TPP
L81069,TPP
L81070,TPP
L81071,TPP
L81073,TPP
L81075,EMIS
L81077,EMIS
L81078,EMIS
L81079,EMIS
L81081,EMIS
L81082,EMIS
L81083,EMIS
L81084,EMIS
L81085,EMIS
L81086,EMIS
L81087,EMIS
L81089,EMIS
L81090,EMIS
L81091,EMIS
L81094,EMIS
L81095,EMIS
L81098,EMIS
L81101,TPP
L81103,EMIS
L81106,EMIS
L81112,EMIS
L81117,EMIS
L81118,EMIS
L81119,EMIS
L81120,EMIS
L81123,TPP
L81125,EMIS
L81127,EMIS
L81130,EMIS
L81131,EMIS
L81132,TPP
L81133,EMIS
L81134,EMIS
L81600,EMIS
L81617,TPP
L81622,EMIS
L81632,EMIS
L81637,TPP
L81642,EMIS
L81643,EMIS
L81644,TPP
L81648,EMIS
L81649,EMIS
L81655,TPP
L81669,EMIS
L81670,EMIS
L82001,TPP
L82003,EMIS
L82004,EMIS
L82006,TPP
L82007,TPP
L82009,EMIS
L82010,EMIS
L82012,TPP
L82013,TPP
L82016,EMIS
L82022,EMIS
L82023,EMIS
L82028,TPP
L82029,EMIS
L82030,TPP
L82036,EMIS
L82041,EMIS
L82043,EMIS
L82044,EMIS
L82046,TPP
L82048,TPP
L82049,EMIS
L82050,EMIS
L82056,TPP
L82058,EMIS
L82066,EMIS
L82617,EMIS
L82620,EMIS
L82622,EMIS
L83002,TPP
L83003,TPP
L83004,TPP
L83005,TPP
L83006,TPP
L83007,TPP
L83008,TPP
L83010,TPP
L83011,TPP
L83012,TPP
L83013,EMIS
L83014,EMIS
L83015,EMIS
L83016,EMIS
L83018,TPP
L83020,TPP
L83021,TPP
L83022,TPP
L83023,EMIS
L83024,EMIS
L83025,TPP
L83026,TPP
L83027,EMIS
L83029,EMIS
L83031,TPP
L83034,TPP
L83035,TPP
L83036,TPP
L83038,EMIS
L83040,EMIS
L83041,TPP
L83042,TPP
L83043,EMIS
L83044,EMIS
L83045,TPP
L83046,TPP
L83048,TPP
L83049,EMIS
L83050,TPP
L83051,TPP
L83052,EMIS
L83053,TPP
L83054,TPP
L83055,EMIS
L83056,TPP
L83057,TPP
L83058,TPP
L83059,TPP
L83061,TPP
L83064,TPP
L83065,TPP
L83066,TPP
L83067,TPP
L83068,TPP
L83069,TPP
L83070,TPP
L83071,EMIS
L83072,EMIS
L83075,EMIS
L83076,TPP
L83077,TPP
L83078,EMIS
L83079,TPP
L83082,TPP
L83083,TPP
L83084,TPP
L83085,EMIS
L83086,TPP
L83087,EMIS
L83088,EMIS
L83089,TPP
L83092,TPP
L83094,EMIS
L83095,TPP
L83096,TPP
L83097,EMIS
L83098,EMIS
L83099,TPP
L83100,TPP
L83101,EMIS
L83102,EMIS
L83103,EMIS
L83105,TPP
L83106,TPP
L83111,EMIS
L83112,EMIS
L83113,EMIS
L83115,EMIS
L83116,TPP
L83117,EMIS
L83118,EMIS
L83120,TPP
L83127,TPP
L83128,TPP
L83129,TPP
L83130,EMIS
L83131,EMIS
L83134,TPP
L83136,TPP
L83137,TPP
L83143,TPP
L83146,EMIS
L83148,TPP
L83149,EMIS
L83607,EMIS
L83616,TPP
L83624,TPP
L83627,TPP
L83628,TPP
L83646,TPP
L83648,EMIS
L83651,TPP
L83655,EMIS
L83657,TPP
L83663,TPP
L83666,TPP
L83673,TPP
L84001,EMIS
L84003,TPP
L84004,TPP
L84005,TPP
L84006,EMIS
L84007,TPP
L84008,TPP
L84010,TPP
L84011,EMIS
L84012,EMIS
L84014,TPP
L84015,TPP
L84016,TPP
L84018,TPP
L84020,EMIS
L84021,TPP
L84022,TPP
L84023,TPP
L84024,EMIS
L84025,EMIS
L84026,EMIS
L84027,TPP
L84030,TPP
L84031,TPP
L84032,EMIS
L84033,TPP
L84034,EMIS
L84036,TPP
L84037,TPP
L84038,EMIS
L84039,TPP
L84040,TPP
L84041,TPP
L84043,TPP
L84044,TPP
L84045,TPP
L84046,TPP
L84047,EMIS
L84048,TPP
L84049,TPP
L84051,TPP
L84053,TPP
L84054,TPP
L84056,TPP
L84058,TPP
L84059,TPP
L84060,TPP
L84063,EMIS
L84065,TPP
L84067,EMIS
L84068,TPP
L84069,EMIS
L84070,TPP
L84071,EMIS
L84072,TPP
L84073,TPP
L84077,TPP
L84078,TPP
L84080,TPP
L84081,TPP
L84084,TPP
L84085,EMIS
L84606,EMIS
L84613,EMIS
L84615,EMIS
L84616,TPP
L85001,EMIS
L85002,EMIS
L85003,EMIS
L85004,EMIS
L85006,EMIS
L85007,EMIS
L85008,EMIS
L85009,EMIS
L85010,EMIS
L85011,EMIS
L85012,EMIS
L85013,EMIS
L85014,EMIS
L85015,EMIS
L85016,EMIS
L85017,EMIS
L85018,EMIS
L85019,EMIS
L85020,EMIS
L85021,EMIS
L85022,EMIS
L85023,EMIS
L85024,EMIS
L85025,EMIS
L85026,EMIS
L85027,EMIS
L85028,EMIS
L85029,EMIS
L85030,EMIS
L85031,EMIS
L85032,EMIS
L85033,EMIS
L85034,EMIS
L85035,EMIS
L85036,EMIS
L85037,EMIS
L85038,EMIS
L85039,EMIS
L85040,EMIS
L85041,EMIS
L85042,EMIS
L85043,EMIS
L85044,EMIS
L85046,EMIS
L85047,EMIS
L85048,EMIS
L85050,EMIS
L85051,EMIS
L85052,EMIS
L85053,EMIS
L85054,EMIS
L85055,EMIS
L85056,EMIS
L85061,EMIS
L85062,EMIS
L85064,EMIS
L85065,EMIS
L85066,EMIS
L85601,EMIS
L85607,EMIS
L85609,EMIS
L85611,EMIS
L85612,EMIS
L85619,EMIS
L85624,EMIS
M81001,EMIS
M81002,EMIS
M81003,EMIS
M81004,EMIS
M81005,EMIS
M81006,EMIS
M81007,EMIS
M81008,EMIS
M81009,EMIS
M81010,EMIS
M81011,EMIS
M81012,EMIS
M81015,EMIS
M81016,EMIS
M81017,EMIS
M81018,EMIS
M81019,EMIS
M81020,EMIS
M81021,EMIS
M81022,EMIS
M81024,EMIS
M81025,EMIS
M81026,EMIS
M81027,EMIS
M81029,EMIS
M81032,EMIS
M81033,EMIS
M81034,EMIS
M81035,EMIS
M81037,EMIS
M81038,EMIS
M81039,EMIS
M81040,EMIS
M81041,EMIS
M81042,EMIS
M81043,EMIS
M81044,EMIS
M81045,EMIS
M81046,EMIS
M81047,EMIS
M81048,EMIS
M81049,EMIS
M81054,EMIS
M81055,EMIS
M81056,EMIS
M81057,EMIS
M81058,EMIS
M81061,EMIS
M81062,EMIS
M81063,EMIS
M81064,EMIS
M81066,EMIS
M81067,EMIS
M81068,EMIS
M81069,EMIS
M81070,EMIS
M81072,EMIS
M81073,EMIS
M81074,EMIS
M81075,EMIS
M81076,EMIS
M81077,EMIS
M81078,EMIS
M81081,EMIS
M81082,EMIS
M81083,EMIS
M81084,EMIS
M81087,EMIS
M81089,EMIS
M81090,EMIS
M81091,EMIS
M81092,EMIS
M81093,EMIS
M81094,EMIS
M81600,EMIS
M81604,EMIS
M81605,EMIS
M81608,EMIS
M81616,EMIS
M81617,EMIS
M81621,EMIS
M81627,EMIS
M81629,EMIS
M82002,EMIS
M82003,EMIS
M82004,EMIS
M82005,EMIS
M82006,EMIS
M82007,EMIS
M82008,EMIS
M82009,EMIS
M82011,EMIS
M82012,EMIS
M82013,EMIS
M82014,EMIS
M82016,EMIS
M82017,EMIS
M82018,EMIS
M82019,EMIS
M82020,EMIS
M82021,EMIS
M82022,EMIS
M82023,EMIS
M82024,EMIS
M82025,EMIS
M82026,EMIS
M82027,EMIS
M82028,EMIS
M82030,EMIS
M82031,EMIS
M82032,EMIS
M82033,EMIS
M82034,EMIS
M82035,EMIS
M82038,EMIS
M82039,EMIS
M82040,EMIS
M82041,EMIS
M82042,EMIS
M82043,EMIS
M82044,EMIS
M82046,EMIS
M82047,EMIS
M82048,EMIS
M82051,EMIS
M82056,EMIS
M82057,EMIS
M82058,EMIS
M82059,EMIS
M82060,EMIS
M82601,EMIS
M82604,EMIS
M82606,EMIS
M82616,EMIS
M82620,EMIS
M83001,EMIS
M83004,EMIS
M83005,EMIS
M83006,EMIS
M83007,EMIS
M83009,EMIS
M83010,EMIS
M83011,EMIS
M83012,EMIS
M83013,EMIS
M83014,EMIS
M83015,EMIS
M83016,EMIS
M83017,EMIS
M83018,EMIS
M83020,EMIS
M83021,EMIS
M83022,EMIS
M83023,EMIS
M83024,EMIS
M83025,EMIS
M83026,TPP
M83027,EMIS
M83028,EMIS
M83030,EMIS
M83031,EMIS
M83032,EMIS
M83033,EMIS
M83034,EMIS
M83035,EMIS
M83036,EMIS
M83037,EMIS
M83038,EMIS
M83041,EMIS
M83042,TPP
M83044,EMIS
M83045,EMIS
M83046,EMIS
M83047,EMIS
M83048,EMIS
M83049,EMIS
M83050,EMIS
M83051,EMIS
M83052,EMIS
M83054,EMIS
M83056,EMIS
M83057,EMIS
M83059,EMIS
M83061,EMIS
M83062,EMIS
M83063,EMIS
M83065,EMIS
M83066,TPP
M83067,TPP
M83068,EMIS
M83069,EMIS
M83070,EMIS
M83071,EMIS
M83072,EMIS
M83074,EMIS
M83075,EMIS
M83076,EMIS
M83079,EMIS
M83084,EMIS
M83088,EMIS
M83089,EMIS
M83090,EMIS
M83092,EMIS
M83093,EMIS
M83094,EMIS
M83096,EMIS
M83097,EMIS
M83100,EMIS
M83102,EMIS
M83103,EMIS
M83107,EMIS
M83108,TPP
M83109,EMIS
M83110,EMIS
M83111,EMIS
M83113,EMIS
M83115,EMIS
M83117,EMIS
M83121,EMIS
M83122,EMIS
M83123,EMIS
M83125,EMIS
M83126,EMIS
M83127,EMIS
M83128,EMIS
M83129,EMIS
M83130,EMIS
M83132,EMIS
M83134,EMIS
M83138,EMIS
M83139,EMIS
M83140,EMIS
M83141,EMIS
M83143,EMIS
M83146,EMIS
M83148,EMIS
M83601,EMIS
M83608,EMIS
M83616,EMIS
M83617,EMIS
M83619,TPP
M83623,EMIS
M83624,EMIS
M83625,EMIS
M83627,EMIS
M83632,EMIS
M83637,EMIS
M83638,EMIS
M83640,EMIS
M83641,EMIS
M83650,EMIS
M83661,EMIS
M83662,EMIS
M83668,EMIS
M83670,EMIS
M83680,EMIS
M83681,EMIS
M83682,EMIS
M83691,EMIS
M83693,EMIS
M83697,EMIS
M83698,EMIS
M83700,EMIS
M83701,EMIS
M83703,EMIS
M83705,EMIS
M83706,EMIS
M83709,EMIS
M83711,EMIS
M83712,EMIS
M83713,EMIS
M83714,TPP
M83715,EMIS
M83717,EMIS
M83718,EMIS
M83719,EMIS
M83722,EMIS
M83723,TPP
M83725,EMIS
M83727,EMIS
M83732,EMIS
M83738,EMIS
M84002,EMIS
M84003,EMIS
M84004,EMIS
M84005,EMIS
M84007,EMIS
M84009,EMIS
M84010,EMIS
M84011,EMIS
M84012,EMIS
M84013,EMIS
M84014,EMIS
M84015,EMIS
M84016,EMIS
M84017,EMIS
M84018,EMIS
M84020,EMIS
M84021,EMIS
M84022,EMIS
M84023,EMIS
M84024,EMIS
M84025,EMIS
M84026,EMIS
M84028,EMIS
M84029,EMIS
M84030,EMIS
M84031,EMIS
M84032,EMIS
M84034,EMIS
M84035,EMIS
M84036,EMIS
M84037,EMIS
M84040,EMIS
M84042,EMIS
M84043,EMIS
M84044,EMIS
M84047,EMIS
M84049,EMIS
M84050,EMIS
M84055,EMIS
M84059,EMIS
M84060,EMIS
M84062,EMIS
M84063,EMIS
M84064,EMIS
M84066,EMIS
M84067,EMIS
M84069,EMIS
M84070,EMIS
M84609,EMIS
M84615,EMIS
M84616,EMIS
M84617,EMIS
M84618,EMIS
M84620,EMIS
M84621,EMIS
M84629,EMIS
M85001,TPP
M85005,EMIS
M85006,EMIS
M85007,EMIS
M85008,EMIS
M85009,EMIS
M85011,TPP
M85013,TPP
M85018,EMIS
M85019,EMIS
M85020,EMIS
M85021,EMIS
M85023,EMIS
M85024,EMIS
M85025,EMIS
M85026,EMIS
M85027,EMIS
M85028,TPP
M85029,EMIS
M85030,EMIS
M85031,TPP
M85033,EMIS
M85034,TPP
M85035,TPP
M85037,EMIS
M85041,EMIS
M85042,EMIS
M85043,EMIS
M85046,TPP
M85047,EMIS
M85048,EMIS
M85051,EMIS
M85052,EMIS
M85053,EMIS
M85055,EMIS
M85056,EMIS
M85058,EMIS
M85060,TPP
M85061,TPP
M85062,TPP
M85063,TPP
M85064,EMIS
M85065,EMIS
M85066,TPP
M85068,EMIS
M85070,EMIS
M85071,EMIS
M85074,EMIS
M85076,EMIS
M85077,EMIS
M85078,EMIS
M85079,TPP
M85081,EMIS
M85082,EMIS
M85084,EMIS
M85086,EMIS
M85087,TPP
M85088,EMIS
M85092,EMIS
M85094,EMIS
M85097,EMIS
M85098,EMIS
M85105,EMIS
M85107,EMIS
M85108,EMIS
M85110,EMIS
M85113,TPP
M85116,EMIS
M85117,TPP
M85118,EMIS
M85123,EMIS
M85127,EMIS
M85128,EMIS
M85134,EMIS
M85136,EMIS
M85139,TPP
M85141,TPP
M85142,EMIS
M85143,TPP
M85145,EMIS
M85146,EMIS
M85149,TPP
M85153,EMIS
M85154,EMIS
M85155,EMIS
M85156,EMIS
M85158,EMIS
M85159,TPP
M85164,EMIS
M85167,TPP
M85170,TPP
M85171,TPP
M85172,TPP
M85174,EMIS
M85176,EMIS
M85177,EMIS
M85179,EMIS
M85600,EMIS
M85611,EMIS
M85624,EMIS
M85634,EMIS
M85642,EMIS
M85663,EMIS
M85669,TPP
M85670,TPP
M85671,EMIS
M85676,EMIS
M85677,EMIS
M85679,EMIS
M85680,EMIS
M85684,EMIS
M85686,EMIS
M85693,EMIS
M85694,EMIS
M85697,EMIS
M85699,EMIS
M85701,EMIS
M85706,TPP
M85711,EMIS
M85713,EMIS
M85715,EMIS
M85716,EMIS
M85717,TPP
M85721,EMIS
M85730,EMIS
M85732,EMIS
M85733,EMIS
M85735,EMIS
M85736,EMIS
M85739,EMIS
M85746,EMIS
M85753,EMIS
M85756,EMIS
M85757,EMIS
M85759,TPP
M85766,EMIS
M85770,EMIS
M85774,EMIS
M85778,EMIS
M85779,TPP
M85781,EMIS
M85782,EMIS
M85783,EMIS
M85792,EMIS
M85794,EMIS
M85797,EMIS
M85801,EMIS
M85803,EMIS
M86001,EMIS
M86002,EMIS
M86003,EMIS
M86004,EMIS
M86005,EMIS
M86006,EMIS
M86007,EMIS
M86008,EMIS
M86009,EMIS
M86012,EMIS
M86013,EMIS
M86014,EMIS
M86015,EMIS
M86016,EMIS
M86017,EMIS
M86018,EMIS
M86019,EMIS
M86020,EMIS
M86021,EMIS
M86023,EMIS
M86026,EMIS
M86027,EMIS
M86028,EMIS
M86029,EMIS
M86030,EMIS
M86033,EMIS
M86035,EMIS
M86037,EMIS
M86038,EMIS
M86039,EMIS
M86040,EMIS
M86041,EMIS
M86044,EMIS
M86046,EMIS
M86048,EMIS
M86605,EMIS
M86610,EMIS
M86612,EMIS
M86613,EMIS
M86617,EMIS
M86621,EMIS
M86622,EMIS
M86624,EMIS
M86627,EMIS
M86633,EMIS
M86638,EMIS
M87001,EMIS
M87003,EMIS
M87005,EMIS
M87006,EMIS
M87007,EMIS
M87008,EMIS
M87009,EMIS
M87010,EMIS
M87011,EMIS
M87012,EMIS
M87013,TPP
M87014,EMIS
M87015,EMIS
M87016,EMIS
M87017,EMIS
M87018,EMIS
M87019,EMIS
M87020,EMIS
M87021,EMIS
M87023,EMIS
M87024,EMIS
M87025,EMIS
M87026,EMIS
M87027,EMIS
M87028,EMIS
M87030,EMIS
M87034,EMIS
M87036,EMIS
M87037,EMIS
M87041,EMIS
M87601,EMIS
M87602,EMIS
M87605,EMIS
M87612,EMIS
M87617,EMIS
M87618,EMIS
M87619,EMIS
M87620,EMIS
M87621,EMIS
M87623,EMIS
M87628,EMIS
M87638,EMIS
M88001,TPP
M88003,TPP
M88004,TPP
M88006,EMIS
M88007,EMIS
M88008,TPP
M88009,EMIS
M88010,TPP
M88013,TPP
M88014,TPP
M88015,TPP
M88016,TPP
M88018,TPP
M88019,TPP
M88020,EMIS
M88021,TPP
M88022,TPP
M88023,TPP
M88024,TPP
M88026,TPP
M88030,EMIS
M88031,EMIS
M88035,TPP
M88036,TPP
M88038,TPP
M88040,EMIS
M88041,TPP
M88042,TPP
M88043,TPP
M88044,TPP
M88600,TPP
M88610,TPP
M88612,TPP
M88616,TPP
M88618,TPP
M88619,TPP
M88620,EMIS
M88623,TPP
M88625,EMIS
M88626,TPP
M88627,TPP
M88628,TPP
M88629,TPP
M88630,TPP
M88633,TPP
M88635,EMIS
M88637,TPP
M88639,TPP
M88640,TPP
M88643,TPP
M88646,EMIS
M88647,EMIS
M89001,TPP
M89002,TPP
M89003,TPP
M89004,EMIS
M89005,TPP
M89007,TPP
M89008,TPP
M89009,TPP
M89010,TPP
M89012,TPP
M89013,TPP
M89015,TPP
M89016,TPP
M89017,EMIS
M89021,EMIS
M89024,TPP
M89026,TPP
M89027,TPP
M89028,EMIS
M89030,TPP
M89601,EMIS
M89602,EMIS
M89608,EMIS
M91003,EMIS
M91004,EMIS
M91006,EMIS
M91007,EMIS
M91008,EMIS
M91009,EMIS
M91010,EMIS
M91011,EMIS
M91013,EMIS
M91014,EMIS
M91015,EMIS
M91016,EMIS
M91017,EMIS
M91018,EMIS
M91019,EMIS
M91020,EMIS
M91021,EMIS
M91024,EMIS
M91026,EMIS
M91028,EMIS
M91029,EMIS
M91032,EMIS
M91033,EMIS
M91034,EMIS
M91036,EMIS
M91602,EMIS
M91609,EMIS
M91611,EMIS
M91612,EMIS
M91613,EMIS
M91614,EMIS
M91616,EMIS
M91619,EMIS
M91621,EMIS
M91623,EMIS
M91624,EMIS
M91626,EMIS
M91628,EMIS
M91629,EMIS
M91637,EMIS
M91639,EMIS
M91640,EMIS
M91641,EMIS
M91642,EMIS
M91643,EMIS
M91647,EMIS
M91650,EMIS
M91654,EMIS
M91659,EMIS
M91660,EMIS
M92001,EMIS
M92002,EMIS
M92003,EMIS
M92004,EMIS
M92006,EMIS
M92007,EMIS
M92008,EMIS
M92009,EMIS
M92010,EMIS
M92011,EMIS
M92012,EMIS
M92013,EMIS
M92014,EMIS
M92015,EMIS
M92016,EMIS
M92017,EMIS
M92019,EMIS
M92022,EMIS
M92024,EMIS
M92026,EMIS
M92028,EMIS
M92029,EMIS
M92039,EMIS
M92040,EMIS
M92041,EMIS
M92042,EMIS
M92043,EMIS
M92044,EMIS
M92607,EMIS
M92609,EMIS
M92610,EMIS
M92612,EMIS
M92627,EMIS
M92629,EMIS
M92630,EMIS
M92637,EMIS
M92640,EMIS
M92649,EMIS
M92654,EMIS
N81001,EMIS
N81002,EMIS
N81005,EMIS
N81006,EMIS
N81007,TPP
N81008,EMIS
N81009,EMIS
N81010,EMIS
N81011,EMIS
N81012,TPP
N81013,EMIS
N81014,TPP
N81016,EMIS
N81018,EMIS
N81019,EMIS
N81020,TPP
N81021,EMIS
N81022,EMIS
N81024,EMIS
N81025,EMIS
N81026,EMIS
N81027,EMIS
N81028,TPP
N81029,EMIS
N81030,EMIS
N81031,EMIS
N81032,EMIS
N81033,EMIS
N81034,EMIS
N81035,EMIS
N81036,TPP
N81037,EMIS
N81038,EMIS
N81039,EMIS
N81040,EMIS
N81041,TPP
N81042,EMIS
N81043,EMIS
N81044,EMIS
N81045,EMIS
N81046,EMIS
N81047,EMIS
N81048,EMIS
N81049,EMIS
N81050,EMIS
N81051,EMIS
N81052,EMIS
N81053,EMIS
N81054,EMIS
N81055,EMIS
N81056,EMIS
N81057,EMIS
N81059,TPP
N81060,EMIS
N81061,EMIS
N81062,EMIS
N81063,EMIS
N81064,EMIS
N81065,TPP
N81066,EMIS
N81067,EMIS
N81068,EMIS
N81069,EMIS
N81070,EMIS
N81071,EMIS
N81072,EMIS
N81073,EMIS
N81074,EMIS
N81075,EMIS
N81077,EMIS
N81079,EMIS
N81080,EMIS
N81081,EMIS
N81082,EMIS
N81083,TPP
N81084,EMIS
N81085,EMIS
N81086,EMIS
N81087,EMIS
N81088,EMIS
N81089,TPP
N81090,EMIS
N81092,EMIS
N81093,EMIS
N81094,EMIS
N81095,EMIS
N81096,EMIS
N81097,EMIS
N81100,EMIS
N81101,EMIS
N81102,EMIS
N81107,EMIS
N81108,TPP
N81109,TPP
N81111,EMIS
N81112,EMIS
N81113,EMIS
N81114,TPP
N81115,EMIS
N81117,EMIS
N81118,EMIS
N81119,EMIS
N81120,EMIS
N81121,EMIS
N81122,TPP
N81123,EMIS
N81125,EMIS
N81127,EMIS
N81607,EMIS
N81614,EMIS
N81619,EMIS
N81623,EMIS
N81624,EMIS
N81626,EMIS
N81628,TPP
N81632,EMIS
N81637,EMIS
N81642,EMIS
N81645,TPP
N81651,EMIS
N81655,EMIS
N82001,EMIS
N82002,EMIS
N82003,EMIS
N82004,EMIS
N82009,EMIS
N82011,EMIS
N82014,EMIS
N82018,EMIS
N82019,EMIS
N82022,EMIS
N82024,EMIS
N82026,EMIS
N82033,EMIS
N82034,EMIS
N82035,EMIS
N82036,EMIS
N82037,EMIS
N82039,EMIS
N82041,EMIS
N82046,EMIS
N82048,EMIS
N82049,EMIS
N82050,EMIS
N82052,EMIS
N82053,EMIS
N82054,EMIS
N82058,EMIS
N82059,EMIS
N82062,EMIS
N82065,EMIS
N82066,EMIS
N82067,EMIS
N82070,EMIS
N82073,EMIS
N82074,EMIS
N82076,EMIS
N82077,EMIS
N82078,EMIS
N82079,EMIS
N82081,EMIS
N82082,EMIS
N82083,EMIS
N82084,EMIS
N82086,EMIS
N82087,EMIS
N82089,EMIS
N82090,EMIS
N82091,EMIS
N82092,EMIS
N82093,EMIS
N82094,EMIS
N82095,EMIS
N82097,EMIS
N82099,EMIS
N82101,EMIS
N82103,EMIS
N82104,EMIS
N82106,EMIS
N82107,EMIS
N82108,EMIS
N82109,EMIS
N82110,EMIS
N82113,EMIS
N82115,EMIS
N82116,EMIS
N82117,EMIS
N82617,EMIS
N82621,EMIS
N82623,EMIS
N82633,EMIS
N82641,EMIS
N82645,EMIS
N82646,EMIS
N82647,EMIS
N82648,EMIS
N82650,EMIS
N82651,EMIS
N82655,EMIS
N82662,EMIS
N82663,EMIS
N82664,EMIS
N82665,EMIS
N82668,EMIS
N82669,EMIS
N82670,EMIS
N82671,EMIS
N82676,EMIS
N82678,EMIS
N83001,EMIS
N83002,EMIS
N83003,EMIS
N83005,EMIS
N83006,EMIS
N83007,EMIS
N83008,EMIS
N83009,EMIS
N83010,EMIS
N83012,EMIS
N83013,EMIS
N83014,EMIS
N83015,EMIS
N83017,EMIS
N83018,EMIS
N83020,EMIS
N83021,EMIS
N83022,EMIS
N83023,EMIS
N83024,EMIS
N83025,EMIS
N83026,EMIS
N83027,EMIS
N83028,EMIS
N83030,EMIS
N83031,EMIS
N83032,EMIS
N83033,EMIS
N83035,EMIS
N83041,EMIS
N83043,EMIS
N83045,EMIS
N83047,EMIS
N83049,EMIS
N83050,EMIS
N83053,EMIS
N83054,EMIS
N83055,EMIS
N83060,EMIS
N83601,EMIS
N83603,EMIS
N83604,EMIS
N83605,EMIS
N83608,EMIS
N83609,EMIS
N83610,EMIS
N83614,EMIS
N83619,EMIS
N83620,EMIS
N83621,EMIS
N83622,EMIS
N83624,EMIS
N83628,EMIS
N83633,EMIS
N83635,EMIS
N83637,EMIS
N84001,EMIS
N84002,EMIS
N84003,EMIS
N84004,EMIS
N84005,EMIS
N84006,EMIS
N84007,EMIS
N84008,EMIS
N84010,EMIS
N84011,EMIS
N84012,EMIS
N84013,EMIS
N84014,EMIS
N84015,EMIS
N84016,EMIS
N84017,EMIS
N84018,EMIS
N84019,EMIS
N84020,EMIS
N84021,EMIS
N84023,EMIS
N84024,EMIS
N84025,EMIS
N84026,EMIS
N84027,EMIS
N84028,EMIS
N84029,EMIS
N84032,EMIS
N84034,EMIS
N84035,EMIS
N84037,EMIS
N84038,EMIS
N84041,EMIS
N84043,EMIS
N84605,EMIS
N84611,EMIS
N84613,EMIS
N84614,EMIS
N84615,EMIS
N84617,EMIS
N84618,EMIS
N84621,EMIS
N84624,EMIS
N84625,EMIS
N84626,EMIS
N84627,EMIS
N84630,EMIS
N85001,EMIS
N85002,EMIS
N85003,EMIS
N85005,EMIS
N85006,EMIS
N85007,EMIS
N85008,EMIS
N85009,EMIS
N85012,EMIS
N85013,EMIS
N85014,EMIS
N85015,EMIS
N85016,EMIS
N85017,EMIS
N85018,EMIS
N85019,EMIS
N85020,EMIS
N85021,EMIS
N85022,EMIS
N85023,EMIS
N85024,EMIS
N85025,EMIS
N85027,EMIS
N85028,EMIS
N85031,EMIS
N85032,EMIS
N85034,EMIS
N85037,EMIS
N85038,EMIS
N85040,EMIS
N85044,EMIS
N85046,EMIS
N85047,EMIS
N85048,EMIS
N85051,EMIS
N85052,EMIS
N85053,EMIS
N85054,EMIS
N85056,EMIS
N85057,EMIS
N85059,EMIS
N85616,EMIS
N85617,EMIS
N85620,EMIS
N85625,EMIS
N85629,EMIS
N85633,EMIS
N85634,EMIS
N85640,EMIS
N85643,EMIS
N85648,EMIS
P81002,EMIS
P81003,EMIS
P81004,EMIS
P81005,EMIS
P81006,EMIS
P81008,EMIS
P81010,EMIS
P81013,EMIS
P81014,EMIS
P81015,EMIS
P81016,EMIS
P81017,EMIS
P81018,EMIS
P81020,EMIS
P81022,EMIS
P81025,EMIS
P81027,EMIS
P81029,EMIS
P81031,EMIS
P81032,EMIS
P81033,EMIS
P81035,EMIS
P81036,EMIS
P81037,EMIS
P81038,EMIS
P81039,EMIS
P81040,EMIS
P81041,EMIS
P81042,EMIS
P81043,EMIS
P81044,EMIS
P81045,EMIS
P81046,EMIS
P81047,EMIS
P81051,EMIS
P81053,EMIS
P81054,EMIS
P81055,EMIS
P81057,EMIS
P81058,EMIS
P81059,EMIS
P81061,EMIS
P81062,EMIS
P81063,EMIS
P81065,EMIS
P81066,EMIS
P81067,EMIS
P81069,EMIS
P81070,EMIS
P81071,EMIS
P81072,EMIS
P81073,EMIS
P81074,EMIS
P81076,EMIS
P81077,EMIS
P81078,EMIS
P81079,EMIS
P81081,EMIS
P81082,EMIS
P81083,EMIS
P81084,EMIS
P81086,EMIS
P81087,EMIS
P81088,EMIS
P81089,EMIS
P81092,EMIS
P81093,EMIS
P81095,EMIS
P81096,EMIS
P81099,EMIS
P81100,EMIS
P81103,EMIS
P81107,EMIS
P81112,EMIS
P81113,EMIS
P81115,EMIS
P81117,EMIS
P81118,EMIS
P81119,EMIS
P81123,EMIS
P81125,EMIS
P81127,EMIS
P81128,EMIS
P81129,EMIS
P81130,EMIS
P81132,EMIS
P81133,EMIS
P81134,EMIS
P81136,EMIS
P81137,EMIS
P81138,EMIS
P81140,EMIS
P81143,EMIS
P81146,EMIS
P81147,EMIS
P81149,EMIS
P81150,EMIS
P81154,EMIS
P81155,EMIS
P81157,EMIS
P81159,EMIS
P81160,EMIS
P81165,EMIS
P81166,EMIS
P81167,EMIS
P81169,EMIS
P81170,EMIS
P81171,EMIS
P81172,EMIS
P81173,EMIS
P81179,EMIS
P81180,EMIS
P81181,EMIS
P81182,EMIS
P81184,EMIS
P81185,EMIS
P81186,EMIS
P81191,EMIS
P81196,EMIS
P81197,EMIS
P81201,EMIS
P81204,EMIS
P81208,EMIS
P81210,EMIS
P81212,EMIS
P81213,EMIS
P81214,EMIS
P81218,EMIS
P81620,EMIS
P81622,EMIS
P81633,EMIS
P81642,EMIS
P81646,EMIS
P81647,EMIS
P81655,EMIS
P81659,EMIS
P81664,EMIS
P81668,EMIS
P81674,EMIS
P81677,EMIS
P81681,EMIS
P81683,EMIS
P81685,EMIS
P81686,EMIS
P81687,EMIS
P81689,EMIS
P81692,EMIS
P81694,EMIS
P81695,EMIS
P81699,EMIS
P81701,EMIS
P81704,EMIS
P81707,EMIS
P81709,EMIS
P81710,EMIS
P81711,EMIS
P81713,EMIS
P81714,EMIS
P81721,EMIS
P81724,EMIS
P81726,EMIS
P81727,EMIS
P81730,EMIS
P81731,EMIS
P81732,EMIS
P81734,EMIS
P81735,EMIS
P81736,EMIS
P81737,EMIS
P81738,EMIS
P81740,EMIS
P81741,EMIS
P81742,EMIS
P81745,EMIS
P81748,EMIS
P81750,EMIS
P81755,EMIS
P81756,EMIS
P81757,EMIS
P81763,EMIS
P81769,EMIS
P81770,EMIS
P81771,EMIS
P81778,EMIS
P81780,EMIS
P82001,EMIS
P82002,TPP
P82003,TPP
P82004,TPP
P82005,TPP
P82006,EMIS
P82007,TPP
P82008,TPP
P82009,EMIS
P82010,EMIS
P82011,EMIS
P82012,EMIS
P82013,EMIS
P82014,EMIS
P82015,TPP
P82018,EMIS
P82020,EMIS
P82021,EMIS
P82025,TPP
P82029,EMIS
P82030,EMIS
P82031,EMIS
P82036,EMIS
P82037,EMIS
P82609,TPP
P82613,EMIS
P82616,EMIS
P82626,EMIS
P82627,EMIS
P82633,TPP
P82634,TPP
P82640,TPP
P82643,EMIS
P82652,EMIS
P84004,EMIS
P84005,EMIS
P84009,EMIS
P84010,EMIS
P84012,EMIS
P84014,EMIS
P84016,EMIS
P84017,EMIS
P84018,EMIS
P84019,EMIS
P84020,EMIS
P84021,EMIS
P84022,EMIS
P84023,EMIS
P84024,EMIS
P84025,EMIS
P84026,EMIS
P84027,EMIS
P84028,EMIS
P84029,EMIS
P84030,EMIS
P84032,EMIS
P84033,EMIS
P84034,EMIS
P84035,EMIS
P84037,EMIS
P84038,EMIS
P84039,EMIS
P84040,EMIS
P84041,EMIS
P84042,EMIS
P84043,EMIS
P84045,EMIS
P84046,EMIS
P84047,EMIS
P84048,EMIS
P84049,EMIS
P84050,EMIS
P84051,EMIS
P84052,EMIS
P84053,EMIS
P84054,EMIS
P84055,EMIS
P84056,EMIS
P84059,EMIS
P84061,EMIS
P84062,EMIS
P84063,EMIS
P84064,EMIS
P84065,EMIS
P84066,EMIS
P84067,EMIS
P84068,EMIS
P84070,EMIS
P84071,EMIS
P84072,EMIS
P84074,EMIS
P84605,EMIS
P84611,EMIS
P84616,EMIS
P84626,EMIS
P84630,EMIS
P84631,EMIS
P84635,EMIS
P84637,EMIS
P84639,EMIS
P84640,EMIS
P84644,EMIS
P84645,EMIS
P84650,EMIS
P84651,EMIS
P84652,EMIS
P84659,EMIS
P84663,EMIS
P84665,EMIS
P84669,EMIS
P84672,EMIS
P84673,EMIS
P84678,EMIS
P84679,EMIS
P84682,EMIS
P84683,EMIS
P84684,EMIS
P84689,EMIS
P84690,EMIS
P85001,EMIS
P85002,EMIS
P85003,EMIS
P85004,EMIS
P85005,EMIS
P85006,EMIS
P85007,EMIS
P85008,EMIS
P85010,EMIS
P85011,EMIS
P85012,EMIS
P85013,EMIS
P85014,EMIS
P85015,EMIS
P85016,EMIS
P85017,EMIS
P85018,EMIS
P85019,EMIS
P85020,EMIS
P85021,EMIS
P85022,EMIS
P85026,EMIS
P85028,EMIS
P85029,EMIS
P85601,EMIS
P85602,EMIS
P85605,EMIS
P85606,EMIS
P85607,EMIS
P85608,EMIS
P85610,EMIS
P85612,EMIS
P85613,EMIS
P85614,EMIS
P85615,EMIS
P85619,EMIS
P85620,EMIS
P85621,EMIS
P85622,EMIS
P86001,EMIS
P86002,EMIS
P86003,EMIS
P86004,EMIS
P86005,EMIS
P86006,EMIS
P86007,EMIS
P86008,EMIS
P86009,EMIS
P86010,EMIS
P86011,EMIS
P86012,EMIS
P86013,EMIS
P86014,EMIS
P86015,EMIS
P86016,EMIS
P86017,EMIS
P86018,EMIS
P86019,EMIS
P86021,EMIS
P86022,EMIS
P86023,EMIS
P86026,EMIS
P86602,EMIS
P86606,EMIS
P86608,EMIS
P86609,EMIS
P86614,EMIS
P86619,EMIS
P86620,EMIS
P86624,EMIS
P87008,EMIS
P87014,EMIS
P87016,EMIS
P87017,EMIS
P87019,EMIS
P87024,EMIS
P87025,EMIS
P87028,EMIS
P87613,EMIS
P87618,EMIS
P87624,EMIS
P87625,EMIS
P87627,EMIS
P87630,EMIS
P87634,EMIS
P87649,EMIS
P87658,EMIS
P87661,EMIS
P88002,EMIS
P88003,EMIS
P88005,EMIS
P88006,EMIS
P88007,EMIS
P88008,EMIS
P88009,EMIS
P88010,EMIS
P88011,EMIS
P88012,EMIS
P88013,EMIS
P88014,EMIS
P88015,EMIS
P88016,EMIS
P88017,EMIS
P88018,EMIS
P88019,EMIS
P88020,EMIS
P88021,EMIS
P88023,EMIS
P88024,EMIS
P88025,EMIS
P88026,EMIS
P88031,EMIS
P88034,EMIS
P88041,EMIS
P88042,EMIS
P88043,EMIS
P88044,EMIS
P88600,EMIS
P88606,EMIS
P88607,EMIS
P88610,EMIS
P88615,EMIS
P88617,EMIS
P88623,EMIS
P88624,EMIS
P88625,EMIS
P88632,EMIS
P89002,EMIS
P89003,EMIS
P89004,EMIS
P89005,EMIS
P89006,EMIS
P89007,TPP
P89008,EMIS
P89010,EMIS
P89011,EMIS
P89012,EMIS
P89013,EMIS
P89014,EMIS
P89015,EMIS
P89016,EMIS
P89018,EMIS
P89020,EMIS
P89021,EMIS
P89022,EMIS
P89023,EMIS
P89025,EMIS
P89026,EMIS
P89029,EMIS
P89030,EMIS
P89602,EMIS
P89609,EMIS
P89612,EMIS
P89613,EMIS
P89618,EMIS
P91003,EMIS
P91004,EMIS
P91006,EMIS
P91007,EMIS
P91008,EMIS
P91009,EMIS
P91011,EMIS
P91012,EMIS
P91013,EMIS
P91014,EMIS
P91016,EMIS
P91017,EMIS
P91018,EMIS
P91019,EMIS
P91020,EMIS
P91021,EMIS
P91026,EMIS
P91029,EMIS
P91032,EMIS
P91035,EMIS
P91603,EMIS
P91604,EMIS
P91615,EMIS
P91617,EMIS
P91619,EMIS
P91623,EMIS
P91625,EMIS
P91627,EMIS
P91629,EMIS
P91631,EMIS
P91632,EMIS
P91633,EMIS
P92001,TPP
P92002,EMIS
P92003,EMIS
P92004,EMIS
P92005,TPP
P92006,TPP
P92007,TPP
P92008,EMIS
P92010,TPP
P92011,EMIS
P92012,TPP
P92014,EMIS
P92015,EMIS
P92016,TPP
P92017,EMIS
P92019,EMIS
P92020,EMIS
P92021,EMIS
P92023,EMIS
P92024,TPP
P92026,EMIS
P92028,EMIS
P92029,TPP
P92031,TPP
P92033,EMIS
P92034,TPP
P92035,TPP
P92038,TPP
P92041,EMIS
P92042,EMIS
P92602,EMIS
P92605,EMIS
P92607,TPP
P92615,TPP
P92616,EMIS
P92620,EMIS
P92621,EMIS
P92623,TPP
P92626,EMIS
P92630,EMIS
P92633,EMIS
P92634,EMIS
P92637,EMIS
P92642,TPP
P92646,EMIS
P92647,TPP
P92648,TPP
P92651,EMIS
P92652,EMIS
P92653,TPP
Y00001,EMIS
Y00002,EMIS
Y00003,EMIS
Y00004,EMIS
Y00005,EMIS
Y00006,EMIS
Y00007,EMIS
Y00008,EMIS
Y00009,EMIS
Y00010,EMIS
Y00011,EMIS
Y00020,EMIS
Y00026,TPP
Y00028,TPP
Y00033,TPP
Y00049,EMIS
Y00050,TPP
Y00054,TPP
Y00056,TPP
Y00057,EMIS
Y00058,TPP
Y00060,EMIS
Y00078,EMIS
Y00080,EMIS
Y00090,EMIS
Y00110,EMIS
Y00137,TPP
Y00140,EMIS
Y00155,TPP
Y00159,EMIS
Y00184,TPP
Y00185,TPP
Y00186,EMIS
Y00200,TPP
Y00206,EMIS
Y00212,EMIS
Y00228,EMIS
Y00252,EMIS
Y00260,TPP
Y00265,EMIS
Y00278,EMIS
Y00286,TPP
Y00293,EMIS
Y00297,TPP
Y00312,EMIS
Y00316,EMIS
Y00328,TPP
Y00344,TPP
Y00347,EMIS
Y00351,TPP
Y00352,EMIS
Y00399,TPP
Y00403,EMIS
Y00411,TPP
Y00412,EMIS
Y00436,EMIS
Y00437,EMIS
Y00446,EMIS
Y00449,EMIS
Y00454,EMIS
Y00469,TPP
Y00471,EMIS
Y00475,EMIS
Y00486,TPP
Y00492,EMIS
Y00507,TPP
Y00522,TPP
Y00542,EMIS
Y00560,TPP
Y00561,TPP
Y00568,TPP
Y00589,TPP
Y00612,EMIS
Y00726,EMIS
Y00758,TPP
Y00774,TPP
Y00902,TPP
Y00912,EMIS
Y00915,EMIS
Y00918,EMIS
Y00944,EMIS
Y00969,EMIS
Y00996,EMIS
Y00999,TPP
Y01008,EMIS
Y01011,TPP
Y01057,EMIS
Y01066,EMIS
Y01068,EMIS
Y01090,EMIS
Y01108,TPP
Y01118,TPP
Y01124,EMIS
Y01127,TPP
Y01132,EMIS
Y01139,TPP
Y01163,EMIS
Y01165,EMIS
Y01206,EMIS
Y01221,TPP
Y01262,EMIS
Y01281,EMIS
Y01291,EMIS
Y01652,TPP
Y01655,EMIS
Y01690,TPP
Y01695,EMIS
Y01719,EMIS
Y01756,EMIS
Y01794,TPP
Y01795,EMIS
Y01812,TPP
Y01839,EMIS
Y01929,EMIS
Y01948,TPP
Y01962,EMIS
Y01964,EMIS
Y02002,TPP
Y02045,EMIS
Y02117,EMIS
Y02129,EMIS
Y02162,EMIS
Y02177,TPP
Y02212,EMIS
Y02260,TPP
Y02319,EMIS
Y02321,EMIS
Y02322,TPP
Y02325,EMIS
Y02332,TPP
Y02342,TPP
Y02344,TPP
Y02354,EMIS
Y02378,TPP
Y02419,EMIS
Y02422,EMIS
Y02423,EMIS
Y02442,TPP
Y02462,EMIS
Y02463,TPP
Y02466,EMIS
Y02469,TPP
Y02471,EMIS
Y02476,EMIS
Y02494,TPP
Y02495,EMIS
Y02506,EMIS
Y02510,EMIS
Y02517,EMIS
Y02519,TPP
Y02520,EMIS
Y02521,EMIS
Y02526,TPP
Y02567,EMIS
Y02570,TPP
Y02571,EMIS
Y02572,TPP
Y02575,EMIS
Y02578,EMIS
Y02583,EMIS
Y02585,EMIS
Y02586,EMIS
Y02589,TPP
Y02594,EMIS
Y02595,EMIS
Y02605,EMIS
Y02606,EMIS
Y02611,TPP
Y02615,EMIS
Y02620,EMIS
Y02622,EMIS
Y02626,EMIS
Y02627,EMIS
Y02628,EMIS
Y02633,EMIS
Y02638,TPP
Y02639,TPP
Y02646,TPP
Y02653,EMIS
Y02656,TPP
Y02657,EMIS
Y02658,EMIS
Y02663,EMIS
Y02666,TPP
Y02669,TPP
Y02671,TPP
Y02672,TPP
Y02674,EMIS
Y02676,EMIS
Y02684,TPP
Y02686,TPP
Y02692,EMIS
Y02696,EMIS
Y02701,TPP
Y02704,TPP
Y02707,TPP
Y02710,EMIS
Y02713,EMIS
Y02718,EMIS
Y02720,EMIS
Y02721,EMIS
Y02735,EMIS
Y02736,EMIS
Y02747,TPP
Y02751,TPP
Y02753,EMIS
Y02754,EMIS
Y02767,EMIS
Y02769,TPP
Y02787,TPP
Y02790,EMIS
Y02794,EMIS
Y02795,EMIS
Y02807,TPP
Y02811,EMIS
Y02816,EMIS
Y02827,EMIS
Y02842,TPP
Y02847,TPP
Y02849,EMIS
Y02867,EMIS
Y02873,EMIS
Y02875,EMIS
Y02886,EMIS
Y02890,EMIS
Y02893,EMIS
Y02900,TPP
Y02906,TPP
Y02928,EMIS
Y02933,EMIS
Y02936,EMIS
Y02946,EMIS
Y02957,EMIS
Y02960,EMIS
Y02961,EMIS
Y02962,EMIS
Y02967,EMIS
Y02973,EMIS
Y02974,EMIS
Y02986,EMIS
Y02987,EMIS
Y03023,EMIS
Y03035,EMIS
Y03049,EMIS
Y03051,EMIS
Y03052,TPP
Y03063,EMIS
Y03079,EMIS
Y03094,EMIS
Y03103,EMIS
Y03112,TPP
Y03124,TPP
Y03135,EMIS
Y03222,TPP
Y03296,EMIS
Y03366,TPP
Y03402,EMIS
Y03441,TPP
Y03584,TPP
Y03587,TPP
Y03595,TPP
Y03597,EMIS
Y03602,EMIS
Y03656,EMIS
Y03661,TPP
Y03663,EMIS
Y03664,EMIS
Y03671,TPP
Y03755,EMIS
Y04225,TPP
Y04266,TPP
Y04273,EMIS
Y04543,TPP
Y04662,TPP
Y04664,EMIS
Y04786,EMIS
Y04809,TPP
Y04882,EMIS
Y04883,EMIS
Y04884,EMIS
Y04925,TPP
Y04942,TPP
Y04947,EMIS
Y04949,EMIS
Y04951,EMIS
Y04952,EMIS
Y04957,TPP
Y04965,EMIS
Y04968,EMIS
Y04969,EMIS
Y04977,TPP
Y04995,TPP
Y05023,TPP
Y05080,EMIS
Y05167,TPP
Y05212,TPP
Y05286,TPP
Y05291,TPP
Y05317,EMIS
Y05318,EMIS
Y05330,EMIS
Y05346,TPP
Y05349,TPP
Y05363,TPP
Y05364,TPP
Y05369,TPP
Y05412,TPP
Y05472,TPP
Y05622,TPP
Y05690,TPP
Y05733,TPP
Y05750,EMIS
Y05788,EMIS
Y05826,EMIS
Y05857,EMIS
Y06007,TPP
Y06113,EMIS
Y06218,EMIS
Y06275,TPP
Y06345,EMIS
Y06356,TPP
Y06378,EMIS
Y06443,TPP
Y06499,TPP
