"RequestorODS","RequestTime","ConversationID","RequestErrorDescription","attachment_size_mb","attachment_limit_mb"
"A83047","2020-02-05T10:39:49","D5C6D1A0-4803-11EA-8EAD-89D71DF66240","Attachment size : 135957400 is larger than TPP limit : 104857600","129","100"
"A83618","2020-02-07T10:59:15","E1FC5AD0-4998-11EA-95FE-75D56070CAB0","Attachment size : 195223672 is larger than TPP limit : 104857600","186","100"
"A86010","2020-02-06T12:00:28","44CD4320-48D8-11EA-9E3E-2961FF2D25D3","Attachment size : 270565008 is larger than TPP limit : 104857600","258","100"
"D82041","2020-02-06T14:19:30","B107E320-48EB-11EA-95C4-1FD2F56FC369","Attachment size : 112054668 is larger than TPP limit : 104857600","106","100"
"D81008","2020-02-05T08:54:23","227DA280-47F5-11EA-B99D-A5082D25746B","Attachment size : 128292024 is larger than TPP limit : 104857600","122","100"
"C86016","2020-02-03T13:32:38","A4C74C90-4689-11EA-B883-B7D75537BF98","Attachment size : 105376484 is larger than TPP limit : 104857600","100","100"
"D81044","2020-02-05T13:38:45","D4252630-481C-11EA-A7AE-DF6C3FDB2FC8","Attachment size : 114669292 is larger than TPP limit : 104857600","109","100"
"E87047","2020-02-05T09:28:47","EA9E67A0-47F9-11EA-82EC-9FDF92EBCC7D","Attachment size : 124139484 is larger than TPP limit : 104857600","118","100"
"J83018","2020-02-03T14:23:34","C3B55FA0-4690-11EA-B244-41E020FB90D0","Attachment size : 116348972 is larger than TPP limit : 104857600","110","100"
"K84012","2020-02-06T14:44:21","2A07F690-48EF-11EA-88BE-61D06D0BBCA2","Attachment size : 125093772 is larger than TPP limit : 104857600","119","100"
"F81707","2020-02-03T11:10:10","BE75CA90-4675-11EA-8FDF-9150C9BC8532","Attachment size : 112255520 is larger than TPP limit : 104857600","107","100"
"G81090","2020-02-03T14:49:45","6B31C770-4694-11EA-94D9-951E4EB98706","Attachment size : 402676648 is larger than TPP limit : 104857600","384","100"
"E87046","2020-02-05T15:21:02","1F3B1220-482B-11EA-A6CF-95F345734C1D","Attachment size : 135518252 is larger than TPP limit : 104857600","129","100"
"A81610","2020-02-12T09:11:19","A1E4B9F0-4D77-11EA-A2DC-7B28DADE909B","Attachment size : 83044860 is larger than TPP limit : 62914560","79","60"
"A84008","2020-02-14T12:42:19","70CA81E0-4F27-11EA-91F7-71BA37C6F790","Attachment size : 65229768 is larger than TPP limit : 62914560","62","60"
"B81017","2020-02-12T08:28:10","9ACD9930-4D71-11EA-ACD3-6146F0BFEF22","Attachment size : 119868188 is larger than TPP limit : 62914560","114","60"
"B83055","2020-02-12T10:15:20","93BCD480-4D80-11EA-972E-F51B87E3D45D","Attachment size : 69618784 is larger than TPP limit : 62914560","66","60"
"B84021","2020-02-12T11:22:00","E3BCC900-4D89-11EA-8EB1-43391D22805F","Attachment size : 65458908 is larger than TPP limit : 62914560","62","60"
"B82005","2020-02-12T10:06:39","5D86EB90-4D7F-11EA-A141-A1B04472F0FF","Attachment size : 122722052 is larger than TPP limit : 62914560","117","60"
"A83040","2020-02-13T15:17:47","FDEC0350-4E73-11EA-97EB-538EE687099E","Attachment size : 62957196 is larger than TPP limit : 62914560","60","60"
"B81047","2020-02-11T10:12:12","F9515FC0-4CB6-11EA-9375-636AE5C92A95","Attachment size : 64103228 is larger than TPP limit : 62914560","61","60"
"B82032","2020-02-12T12:04:57","E399A1E0-4D8F-11EA-9D33-1B4686AC8724","Attachment size : 64107936 is larger than TPP limit : 62914560","61","60"
"C81045","2020-02-12T09:51:32","40246840-4D7D-11EA-97C7-27C9D88416A5","Attachment size : 72971372 is larger than TPP limit : 62914560","69","60"
"C81047","2020-02-11T09:25:30","72FFC020-4CB0-11EA-9D0A-353910700454","Attachment size : 93820332 is larger than TPP limit : 62914560","89","60"
"C81042","2020-02-14T14:55:58","1D36F5A0-4F3A-11EA-A907-7F2421FA43AD","Attachment size : 72971372 is larger than TPP limit : 62914560","69","60"
"C81020","2020-02-14T16:15:03","294B2630-4F45-11EA-B7B2-E9241BEE381F","Attachment size : 87327976 is larger than TPP limit : 62914560","83","60"
"A87023","2020-02-12T11:27:51","B4985850-4D8A-11EA-A95E-F15A364347E3","Attachment size : 64286688 is larger than TPP limit : 62914560","61","60"
"C82073","2020-02-10T16:31:40","D1A211C0-4C22-11EA-BAB0-BDB269768D03","Attachment size : 114669292 is larger than TPP limit : 104857600","109","100"
"C82073","2020-02-11T10:00:17","4F6A9CC0-4CB5-11EA-B762-794F4C11EA70","Attachment size : 72971372 is larger than TPP limit : 62914560","69","60"
"C83082","2020-02-13T08:53:38","548FA3A0-4E3E-11EA-9D0E-817759950E30","Attachment size : 98204104 is larger than TPP limit : 62914560","93","60"
"C83025","2020-02-11T08:08:21","ABD80FC0-4CA5-11EA-A055-C18B82A66834","Attachment size : 69833700 is larger than TPP limit : 62914560","66","60"
"C84001","2020-02-13T12:15:19","800CD810-4E5A-11EA-BCA3-51D453FAAAA8","Attachment size : 65604444 is larger than TPP limit : 62914560","62","60"
"C84151","2020-02-13T15:14:38","8B80EFB0-4E73-11EA-9EF9-FF281CC0FAAA","Attachment size : 104244812 is larger than TPP limit : 62914560","99","60"
"C82088","2020-02-12T14:18:13","81B11BD0-4DA2-11EA-A1F7-3D70422B4B56","Attachment size : 95725824 is larger than TPP limit : 62914560","91","60"
"C83042","2020-02-10T10:59:29","6A2DA0A0-4BF4-11EA-96D0-CDB4CA63147F","Attachment size : 111016732 is larger than TPP limit : 104857600","105","100"
"D82045","2020-02-14T12:01:18","B6439960-4F21-11EA-ADA3-8DBFAF606E93","Attachment size : 84173368 is larger than TPP limit : 62914560","80","60"
"D83011","2020-02-12T17:41:05","D852EE20-4DBE-11EA-87DC-612510188017","Attachment size : 83395852 is larger than TPP limit : 62914560","79","60"
"C88007","2020-02-12T10:24:29","DAC07F70-4D81-11EA-B266-53D0416B9876","Attachment size : 72971372 is larger than TPP limit : 62914560","69","60"
"E81013","2020-02-13T16:05:16","9FCD25E0-4E7A-11EA-88B1-07FAC697C608","Attachment size : 104244812 is larger than TPP limit : 62914560","99","60"
"D81631","2020-02-11T12:54:54","B42F3220-4CCD-11EA-9FCF-014E21B63FA1","Attachment size : 73890532 is larger than TPP limit : 62914560","70","60"
"D81043","2020-02-10T19:47:56","3BD80E80-4C3E-11EA-9B6C-0539481154D7","Attachment size : 70936372 is larger than TPP limit : 62914560","67","60"
"E81615","2020-02-10T18:20:04","F5FD0610-4C31-11EA-944E-1712C4FB727D","Attachment size : 72121428 is larger than TPP limit : 62914560","68","60"
"F81041","2020-02-12T13:20:26","6F180950-4D9A-11EA-BDAA-F9D11085B24D","Attachment size : 82859560 is larger than TPP limit : 62914560","79","60"
"E85049","2020-02-13T14:33:04","BFD91C20-4E6D-11EA-A359-23543FA00CD2","Attachment size : 84236688 is larger than TPP limit : 62914560","80","60"
"E85748","2020-02-11T12:25:19","91AAAA80-4CC9-11EA-BAEE-8D011ADB98C0","Attachment size : 93758892 is larger than TPP limit : 62914560","89","60"
"E82041","2020-02-11T11:08:38","DB4682F0-4CBE-11EA-9669-210C512961C1","Attachment size : 93820332 is larger than TPP limit : 62914560","89","60"
"E85124","2020-02-11T12:03:37","8C823300-4CC6-11EA-A109-ABB9B0E486B7","Attachment size : 119097956 is larger than TPP limit : 62914560","113","60"
"E85124","2020-02-13T12:50:02","611A13A0-4E5F-11EA-9CC3-AB398089BF47","Attachment size : 77429612 is larger than TPP limit : 62914560","73","60"
"J81013","2020-02-14T12:45:42","E8826540-4F27-11EA-9211-0D1F4ED5E33D","Attachment size : 104237344 is larger than TPP limit : 62914560","99","60"
"H82033","2020-02-12T15:22:09","70B5CB10-4DAB-11EA-8DE3-9F36CBAAAFB2","Attachment size : 93820332 is larger than TPP limit : 62914560","89","60"
"J81634","2020-02-12T11:44:26","060CA180-4D8D-11EA-A654-51A3047A9A84","Attachment size : 114669292 is larger than TPP limit : 62914560","109","60"
"J82028","2020-02-13T16:07:14","E590A520-4E7A-11EA-AB81-D58519994F80","Attachment size : 76905060 is larger than TPP limit : 62914560","73","60"
"E85127","2020-02-13T14:57:10","1CB44A70-4E71-11EA-BCAE-23E1C0D825D3","Attachment size : 88252332 is larger than TPP limit : 62914560","84","60"
"H82066","2020-02-14T10:23:30","C40A8C60-4F13-11EA-AF99-9BA3A77E38B1","Attachment size : 63139328 is larger than TPP limit : 62914560","60","60"
"H82066","2020-02-14T10:50:38","8F409D40-4F17-11EA-AF99-9BA3A77E38B1","Attachment size : 77394680 is larger than TPP limit : 62914560","73","60"
"G81689","2020-02-14T14:58:02","66F6A8C0-4F3A-11EA-85BA-25FC5E804F04","Attachment size : 63439040 is larger than TPP limit : 62914560","60","60"
"J81041","2020-02-13T09:46:21","B1905E80-4E45-11EA-AEDC-13208DA69CA0","Attachment size : 72211052 is larger than TPP limit : 62914560","68","60"
"H82012","2020-02-12T12:13:20","0E27FDC0-4D91-11EA-9CB1-8D2C35551AE8","Attachment size : 89486136 is larger than TPP limit : 62914560","85","60"
"H82012","2020-02-12T12:28:06","1F97BA30-4D93-11EA-9CB1-8D2C35551AE8","Attachment size : 64107936 is larger than TPP limit : 62914560","61","60"
"H81072","2020-02-11T12:15:35","354843C0-4CC8-11EA-B487-FF4F7FA4EF29","Attachment size : 66925860 is larger than TPP limit : 62914560","63","60"
"K82009","2020-02-12T09:27:20","DE64A1E0-4D79-11EA-A833-CD142EC3108E","Attachment size : 72351588 is larger than TPP limit : 62914560","68","60"
"F86025","2020-02-13T15:23:15","92A17890-4E74-11EA-A16B-B154F5872500","Attachment size : 114669292 is larger than TPP limit : 62914560","109","60"
"K83026","2020-02-14T12:27:00","4D71A860-4F25-11EA-B239-A95709A76F2D","Attachment size : 114883384 is larger than TPP limit : 62914560","109","60"
"J82208","2020-02-11T11:54:25","3FCF25F0-4CC5-11EA-9FFE-8500E7C8EA1C","Attachment size : 65134720 is larger than TPP limit : 62914560","62","60"
"J83008","2020-02-14T10:21:08","B7EEE0C0-4F13-11EA-9B2A-6F40718A02CA","Attachment size : 73890532 is larger than TPP limit : 62914560","70","60"
"M85029","2020-02-12T08:39:47","E9D3C890-4D73-11EA-8CD5-A168DF4FAADF","Attachment size : 72998848 is larger than TPP limit : 62914560","69","60"
"M88004","2020-02-13T09:54:14","CB49CC70-4E46-11EA-993C-27F2CB7756DE","Attachment size : 66279304 is larger than TPP limit : 62914560","63","60"
"M85002","2020-02-11T12:43:31","1D25B030-4CCC-11EA-8519-03704B45DADA","Attachment size : 83395852 is larger than TPP limit : 62914560","79","60"
"L83127","2020-02-08T11:37:28","6265D830-4A67-11EA-B8B8-4594390924AD","Attachment size : 125278092 is larger than TPP limit : 104857600","119","100"
"Y01011","2020-02-12T15:39:11","D05F2A00-4DAD-11EA-A6C4-C1F80ECA864C","Attachment size : 146182312 is larger than TPP limit : 62914560","139","60"
"Y02002","2020-02-14T08:55:33","C1BBD7E0-4F07-11EA-BAAE-6BC931C864DF","Attachment size : 71181932 is larger than TPP limit : 62914560","67","60"
"A81631","2020-02-17T16:24:20","F4742BA0-51A1-11EA-9C93-D9E005124811","Attachment size : 140895164 is larger than TPP limit : 62914560","134","60"
"M83723","2020-02-10T17:50:14","CB845C70-4C2D-11EA-82EE-4DCD440EE9DC","Attachment size : 68007140 is larger than TPP limit : 62914560","64","60"
"Y04957","2020-02-11T10:55:13","EDB8B810-4CBC-11EA-9C1C-C53A52042928","Attachment size : 159988000 is larger than TPP limit : 62914560","152","60"
"A86010","2020-02-17T16:07:14","90B14CD0-519F-11EA-9A6F-7F0094DB96CC","Attachment size : 78403424 is larger than TPP limit : 62914560","74","60"
"A84022","2020-02-17T12:13:16","E165DD60-517E-11EA-A0C7-E1A7E520467D","Attachment size : 81690112 is larger than TPP limit : 62914560","77","60"
"A81042","2020-02-18T14:33:05","936F54F0-525B-11EA-B387-DB80BC41265C","Attachment size : 69881504 is larger than TPP limit : 62914560","66","60"
"A83030","2020-02-17T11:21:09","98EA4730-5177-11EA-B330-E15C534022F9","Attachment size : 88736172 is larger than TPP limit : 62914560","84","60"
"A83641","2020-02-18T12:46:42","B6BE0500-524C-11EA-98C3-15E2BA2EC513","Attachment size : 68300740 is larger than TPP limit : 62914560","65","60"
"Y06007","2020-02-11T09:06:46","D49C07B0-4CAD-11EA-9F6F-578E19F889AF","Attachment size : 93169016 is larger than TPP limit : 62914560","88","60"
"Y03441","2020-02-13T13:57:22","C1ADF570-4E68-11EA-887A-6F6F08B8643C","Attachment size : 80223192 is larger than TPP limit : 62914560","76","60"
"A81046","2020-02-20T14:06:11","27246250-53EA-11EA-830F-4166F447D863","Attachment size : 68116412 is larger than TPP limit : 62914560","64","60"
"B82005","2020-02-18T10:46:07","DD48B820-523B-11EA-89F7-F5F6A71FDE8F","Attachment size : 104691752 is larger than TPP limit : 62914560","99","60"
"B82016","2020-02-21T12:40:13","4E2D3A80-54A7-11EA-AD42-110A27EB6E83","Attachment size : 73247852 is larger than TPP limit : 62914560","69","60"
"A83031","2020-02-20T12:51:23","B4099240-53DF-11EA-AEB1-C1B56E2E3051","Attachment size : 85255092 is larger than TPP limit : 62914560","81","60"
"A87022","2020-02-19T12:41:37","2B802B20-5315-11EA-8FD3-69F2F2530E0D","Attachment size : 73578092 is larger than TPP limit : 62914560","70","60"
"B82054","2020-02-19T14:09:05","6312BCE0-5321-11EA-AB7B-BB7E2C2DC755","Attachment size : 64103228 is larger than TPP limit : 62914560","61","60"
"A81017","2020-02-21T10:54:08","7CEE5DE0-5498-11EA-A37A-07EF54F8F960","Attachment size : 91703028 is larger than TPP limit : 62914560","87","60"
"B86016","2020-02-19T16:16:31","3173EDA0-5333-11EA-A148-476D46D478B8","Attachment size : 71106852 is larger than TPP limit : 62914560","67","60"
"B85659","2020-02-17T17:33:09","9182FE40-51AB-11EA-8962-E144BD90DF73","Attachment size : 125778072 is larger than TPP limit : 62914560","119","60"
"B87006","2020-02-21T14:20:15","47A60DA0-54B5-11EA-9144-41DC05294C61","Attachment size : 104244812 is larger than TPP limit : 62914560","99","60"
"B86678","2020-02-17T14:54:48","707E8C20-5195-11EA-8D53-BF084DA5DD01","Attachment size : 113875120 is larger than TPP limit : 62914560","108","60"
"B86056","2020-02-20T17:48:27","336C35F0-5409-11EA-9E14-0FC03F70D0D7","Attachment size : 91545572 is larger than TPP limit : 62914560","87","60"
"C82119","2020-02-19T12:32:42","EB737D80-5313-11EA-B074-F938437D2227","Attachment size : 78321132 is larger than TPP limit : 62914560","74","60"
"C81066","2020-02-20T10:48:08","7B820B70-53CE-11EA-A889-AFE6A20D3519","Attachment size : 80549292 is larger than TPP limit : 62914560","76","60"
"C81051","2020-02-18T15:17:45","D18B63E0-5261-11EA-B548-4FD086B180D3","Attachment size : 87020704 is larger than TPP limit : 62914560","82","60"
"C87003","2020-02-18T15:24:35","A019F5F0-5262-11EA-AFDA-8B9BA61ECC5E","Attachment size : 86917344 is larger than TPP limit : 62914560","82","60"
"C85017","2020-02-21T17:22:38","C299FFD0-54CE-11EA-9CFA-9744AA45E97B","Attachment size : 62957196 is larger than TPP limit : 62914560","60","60"
"C84695","2020-02-19T17:05:26","02586EE0-533A-11EA-BD3E-35198FF08930","Attachment size : 88419800 is larger than TPP limit : 62914560","84","60"
"C88031","2020-02-21T16:15:14","584EC830-54C5-11EA-BF22-C97DC3FD136C","Attachment size : 73055108 is larger than TPP limit : 62914560","69","60"
"D81043","2020-02-20T18:38:55","401D8DB0-5410-11EA-B92F-07065A5F2FE6","Attachment size : 63829452 is larger than TPP limit : 62914560","60","60"
"C84129","2020-02-18T15:11:27","ECB081B0-5260-11EA-AC47-417062F223B5","Attachment size : 97260444 is larger than TPP limit : 62914560","92","60"
"D82030","2020-02-18T12:12:15","E75A1E60-5247-11EA-BF88-FBC248E2F184","Attachment size : 75106412 is larger than TPP limit : 62914560","71","60"
"D81012","2020-02-17T11:33:16","4A61FD90-5179-11EA-9101-1FE05E86F508","Attachment size : 107399052 is larger than TPP limit : 62914560","102","60"
"C86017","2020-02-19T10:10:02","FE8C5810-52FF-11EA-966D-F509243360ED","Attachment size : 72495212 is larger than TPP limit : 62914560","69","60"
"E81037","2020-02-17T09:43:13","E8F9EA90-5169-11EA-9CE1-F1E8739AFA8F","Attachment size : 72971372 is larger than TPP limit : 62914560","69","60"
"D82026","2020-02-20T16:29:06","1BE2FA00-53FE-11EA-9FF3-99264FB62B4F","Attachment size : 64246136 is larger than TPP limit : 62914560","61","60"
"D82067","2020-02-19T10:54:23","2FBFA760-5306-11EA-9612-F197B37CED50","Attachment size : 67695212 is larger than TPP limit : 62914560","64","60"
"C88009","2020-02-21T14:34:36","49588DB0-54B7-11EA-8EA1-335BC8D4BDAE","Attachment size : 73450060 is larger than TPP limit : 62914560","70","60"
"D83028","2020-02-18T17:41:29","E63D26C0-5275-11EA-AF90-01A6DD5C9AA3","Attachment size : 77780364 is larger than TPP limit : 62914560","74","60"
"D81065","2020-02-17T15:27:16","F9283770-5199-11EA-92A7-253A96E70218","Attachment size : 84209932 is larger than TPP limit : 62914560","80","60"
"D82059","2020-02-20T09:59:33","B1A74C30-53C7-11EA-91F7-7D2A4393D22F","Attachment size : 68231912 is larger than TPP limit : 62914560","65","60"
"E85124","2020-02-16T14:47:12","3F058150-50CB-11EA-A4CE-A31F725CD35D","Attachment size : 80549292 is larger than TPP limit : 62914560","76","60"
"E85745","2020-02-20T09:00:10","67AA3B90-53BF-11EA-A41E-FF71EFEDBBFB","Attachment size : 74787096 is larger than TPP limit : 62914560","71","60"
"F81105","2020-02-17T16:25:54","2BEF8250-51A2-11EA-8B5E-3D587F112FDE","Attachment size : 97078620 is larger than TPP limit : 62914560","92","60"
"F81665","2020-02-17T17:55:50","17A298C0-51AF-11EA-AE2A-459E46D66B2A","Attachment size : 109568688 is larger than TPP limit : 62914560","104","60"
"F81049","2020-02-21T11:40:40","2ECC0FC0-549F-11EA-A779-432EA7155EE3","Attachment size : 83756812 is larger than TPP limit : 62914560","79","60"
"G81689","2020-02-18T16:06:53","AEB93070-5268-11EA-B481-AF1F51C43954","Attachment size : 96154836 is larger than TPP limit : 62914560","91","60"
"H82060","2020-02-18T11:50:00","CB790060-5244-11EA-A182-9B10B8BD4E52","Attachment size : 98571568 is larger than TPP limit : 62914560","94","60"
"G81018","2020-02-18T14:31:10","4F701AF0-525B-11EA-BE80-05DEACF0F6A6","Attachment size : 83518732 is larger than TPP limit : 62914560","79","60"
"K83026","2020-02-20T10:41:11","82E41C10-53CD-11EA-A2AA-911182193F9C","Attachment size : 114845932 is larger than TPP limit : 62914560","109","60"
"K83010","2020-02-18T14:28:16","C2379BE0-525A-11EA-97C6-E75A53213884","Attachment size : 83395852 is larger than TPP limit : 62914560","79","60"
"K82039","2020-02-21T13:09:06","BC5A5980-54AB-11EA-94FD-B1A315DB8AD9","Attachment size : 68834660 is larger than TPP limit : 62914560","65","60"
"J82001","2020-02-19T09:38:30","975FD350-52FB-11EA-B8CF-A58A086872D4","Attachment size : 95725824 is larger than TPP limit : 62914560","91","60"
"J81034","2020-02-17T16:04:28","2E0EE740-519F-11EA-8254-9D915B627F72","Attachment size : 134624384 is larger than TPP limit : 62914560","128","60"
"J83010","2020-02-19T09:53:23","ABE58250-52FD-11EA-876F-2F6B2968335B","Attachment size : 160254084 is larger than TPP limit : 62914560","152","60"
"M88013","2020-02-18T08:46:08","1B758760-522B-11EA-9752-610FD3E9B36D","Attachment size : 63661016 is larger than TPP limit : 62914560","60","60"
"L83127","2020-02-18T15:00:24","653CB6F0-525F-11EA-AEF8-BF05D7AEC9CB","Attachment size : 73286252 is larger than TPP limit : 62914560","69","60"
"L81059","2020-02-19T13:52:45","1BF8C040-531F-11EA-AF6B-912C9DD11912","Attachment size : 73194092 is larger than TPP limit : 62914560","69","60"
"M88616","2020-02-19T10:55:45","62326340-5306-11EA-BA9D-8B2AAA60B42B","Attachment size : 129201956 is larger than TPP limit : 62914560","123","60"
"M89001","2020-02-17T13:17:21","D54DC520-5187-11EA-A6F2-EF5C34751C20","Attachment size : 125093772 is larger than TPP limit : 62914560","119","60"
"M88018","2020-02-18T16:28:44","BC4E0730-526B-11EA-A048-A9F081116F80","Attachment size : 68694544 is larger than TPP limit : 62914560","65","60"
"M88019","2020-02-17T15:50:46","42E12C70-519D-11EA-92CA-E957210B6B04","Attachment size : 64103228 is larger than TPP limit : 62914560","61","60"
"M88640","2020-02-17T08:48:06","37D4A8B0-5162-11EA-8BAA-4FB71F4B6614","Attachment size : 72917612 is larger than TPP limit : 62914560","69","60"
"M88640","2020-02-18T17:27:02","E0DE1970-5273-11EA-8800-ABF6617BC0B6","Attachment size : 81522696 is larger than TPP limit : 62914560","77","60"
"Y00297","2020-02-18T15:56:29","3A718A10-5267-11EA-86AF-3506E8675E16","Attachment size : 72981288 is larger than TPP limit : 62914560","69","60"
"P92016","2020-02-17T08:54:42","2452F4D0-5163-11EA-A671-319090733DAD","Attachment size : 64284660 is larger than TPP limit : 62914560","61","60"
"Y06443","2020-02-19T13:15:06","D737FD40-5319-11EA-B0C5-9B08F81BA3B8","Attachment size : 92586032 is larger than TPP limit : 62914560","88","60"
"Y02639","2020-02-18T19:19:49","A2AF6AE0-5283-11EA-B32B-E90104B2F6CD","Attachment size : 66865840 is larger than TPP limit : 62914560","63","60"
"A86036","2020-02-24T12:48:48","00E6C1B0-5704-11EA-8EF4-C9B449FA4B5E","Attachment size : 151518096 is larger than TPP limit : 62914560","144","60"
"B82012","2020-02-24T13:20:59","7F11F6A0-5708-11EA-9ACC-7FC4A092C9F4","Attachment size : 120202372 is larger than TPP limit : 62914560","114","60"
"B81027","2020-02-24T18:01:14","A640DE90-572F-11EA-BF3A-8568D0334F42","Attachment size : 63015372 is larger than TPP limit : 62914560","60","60"
"B81027","2020-02-24T18:09:13","C43D4D60-5730-11EA-BF3A-8568D0334F42","Attachment size : 79972736 is larger than TPP limit : 62914560","76","60"
"B81015","2020-02-24T15:56:14","304B2D50-571E-11EA-ACCF-F7DBBA48C56A","Attachment size : 64146016 is larger than TPP limit : 62914560","61","60"
"B82088","2020-02-28T15:39:50","8F33B9C0-5A40-11EA-BF65-05F863866037","Attachment size : 146167696 is larger than TPP limit : 62914560","139","60"
"B83018","2020-02-24T14:06:32","DD6FC5F0-570E-11EA-A2A6-8B4CC5EE8DAB","Attachment size : 82741152 is larger than TPP limit : 62914560","78","60"
"B86025","2020-02-26T08:41:17","C262CE40-5873-11EA-9AFF-DF6BAE7385B7","Attachment size : 83090104 is larger than TPP limit : 62914560","79","60"
"B87031","2020-02-26T08:05:12","B79BCF70-586E-11EA-9A23-1101D9901EFF","Attachment size : 148404832 is larger than TPP limit : 62914560","141","60"
"C84051","2020-02-24T10:59:57","CAA6CF00-56F4-11EA-8BAD-375F2288B69D","Attachment size : 88605612 is larger than TPP limit : 62914560","84","60"
"C84051","2020-02-24T11:06:07","A713F260-56F5-11EA-8BAD-375F2288B69D","Attachment size : 88589980 is larger than TPP limit : 62914560","84","60"
"B87030","2020-02-25T15:30:45","CA8332D0-57E3-11EA-9565-49D8656C6F7C","Attachment size : 70119112 is larger than TPP limit : 62914560","66","60"
"C82070","2020-02-25T08:05:58","A75CD240-57A5-11EA-AE1C-3B5673824CD7","Attachment size : 137365736 is larger than TPP limit : 62914560","131","60"
"C84039","2020-02-24T08:29:05","B7C1D250-56DF-11EA-A846-99E16C7BD6E8","Attachment size : 81770824 is larger than TPP limit : 62914560","77","60"
"C84106","2020-02-24T08:13:25","88ACAB40-56DD-11EA-A90D-719DFA86116D","Attachment size : 83395852 is larger than TPP limit : 62914560","79","60"
"D83006","2020-02-25T17:22:36","69585ED0-57F3-11EA-9815-2306338AAFA9","Attachment size : 83395852 is larger than TPP limit : 62914560","79","60"
"D81607","2020-02-24T12:39:02","A3B09030-5702-11EA-8733-5125C26E64B0","Attachment size : 67935688 is larger than TPP limit : 62914560","64","60"
"E81032","2020-02-23T20:45:12","63D314E0-567D-11EA-8F64-D9BBCD37D0FD","Attachment size : 114669292 is larger than TPP limit : 62914560","109","60"
"C88047","2020-02-28T11:31:33","E03B3730-5A1D-11EA-87BA-E9F10B35C116","Attachment size : 93684340 is larger than TPP limit : 62914560","89","60"
"E85124","2020-02-23T10:58:52","877621F0-562B-11EA-814F-E7A558BB6E48","Attachment size : 71599372 is larger than TPP limit : 62914560","68","60"
"E85038","2020-02-24T11:00:56","EF52EE60-56F4-11EA-8D5E-65526EC13249","Attachment size : 73078892 is larger than TPP limit : 62914560","69","60"
"E87009","2020-02-25T18:51:50","E254D9B0-57FF-11EA-82B1-F389AB76C90B","Attachment size : 88067728 is larger than TPP limit : 62914560","83","60"
"F81076","2020-02-24T13:21:07","84BA53E0-5708-11EA-A447-E11624A07E99","Attachment size : 144250596 is larger than TPP limit : 62914560","137","60"
"E87755","2020-02-24T12:18:28","C3BFAF30-56FF-11EA-9A66-CF8B806A88D7","Attachment size : 84010252 is larger than TPP limit : 62914560","80","60"
"H82030","2020-02-24T09:15:31","353BA6B0-56E6-11EA-BC28-61593372A452","Attachment size : 78427520 is larger than TPP limit : 62914560","74","60"
"F81746","2020-02-24T19:13:58","B208B950-5739-11EA-BF22-8B088B9B0DA9","Attachment size : 83395852 is larger than TPP limit : 62914560","79","60"
"G81689","2020-02-28T15:01:06","25C4DB90-5A3B-11EA-A351-87AC9DD1C6C4","Attachment size : 72971372 is larger than TPP limit : 62914560","69","60"
"H82032","2020-02-24T13:50:39","A5F89FE0-570C-11EA-9483-4FD5545DCE9D","Attachment size : 73634104 is larger than TPP limit : 62914560","70","60"
"J82009","2020-02-24T12:36:35","499D5420-5702-11EA-840A-95C0B07940E2","Attachment size : 83394360 is larger than TPP limit : 62914560","79","60"
"J83042","2020-02-24T14:05:21","B2DB5A20-570E-11EA-A6B2-15E5D7C3BA40","Attachment size : 125093772 is larger than TPP limit : 62914560","119","60"
"E87756","2020-02-25T15:27:31","56C0A580-57E3-11EA-9FCB-CB275B817806","Attachment size : 88387408 is larger than TPP limit : 62914560","84","60"
"L83066","2020-02-24T19:40:02","7427D310-573D-11EA-93A5-D92D1A69D07C","Attachment size : 73632028 is larger than TPP limit : 62914560","70","60"
"L83030","2020-02-26T08:32:27","86085330-5872-11EA-9D09-AB012BC30C83","Attachment size : 72971372 is larger than TPP limit : 62914560","69","60"
"M88640","2020-02-28T15:45:09","4CFFFB80-5A41-11EA-BB1D-BF4F4D3F5AB4","Attachment size : 77837064 is larger than TPP limit : 62914560","74","60"
"Y00560","2020-02-24T15:26:25","0622C690-571A-11EA-B99B-7147F1B522E9","Attachment size : 94091360 is larger than TPP limit : 62914560","89","60"
"P92607","2020-02-24T08:56:20","85B30B90-56E3-11EA-83FE-9510940B41A1","Attachment size : 74751000 is larger than TPP limit : 62914560","71","60"
"Y02847","2020-02-24T10:56:06","41122AA0-56F4-11EA-9ABC-7FC279B45E2C","Attachment size : 93433176 is larger than TPP limit : 62914560","89","60"
"Y02847","2020-02-24T12:26:29","E0FDFE20-5700-11EA-9ABC-7FC279B45E2C","Attachment size : 72971372 is larger than TPP limit : 62914560","69","60"
"Y00411","2020-02-24T15:34:40","2D35B750-571B-11EA-AAA0-696B58F1485F","Attachment size : 72971372 is larger than TPP limit : 62914560","69","60"
